Workbook

Sheet Сводка
A1: Воронка кровельщиков
A2: ="Положение дел на "&TEXT(TODAY(),"dd.mm.yyyy")&". Лист собирается сам из «Лидов»."
A4: в очереди | B4: написали | C4: в работе | D4: дел на сегодня | E4: просрочено | F4: молчат 3+ дня | G4: созвонов назначено | H4: клиентов
A5: =COUNTIF('Лиды'!$C$2:$C$2000,"Очередь") | B5: =COUNTA('Лиды'!$B$2:$B$2000)-COUNTIF('Лиды'!$C$2:$C$2000,"Очередь")-COUNTIF('Лиды'!$C$2:$C$2000,"Не писать") | C5: =COUNTIF('Лиды'!$C$2:$C$2000,"Ответил")+COUNTIF('Лиды'!$C$2:$C$2000,"Доработать")+COUNTIF('Лиды'!$C$2:$C$2000,"Перезвонить")+COUNTIF('Лиды'!$C$2:$C$2000,"Созвон") | D5: =COUNTIF('Лиды'!$F$2:$F$2000,"сегодня")+COUNTIF('Лиды'!$F$2:$F$2000,"укажи дату") | E5: =COUNTIF('Лиды'!$F$2:$F$2000,"просрочено") | F5: =COUNTIF('Лиды'!$F$2:$F$2000,"молчит*") | G5: =COUNTIF('Лиды'!$C$2:$C$2000,"Созвон") | H5: =COUNTIF('Лиды'!$C$2:$C$2000,"Клиент")
A7: Этапы и менеджеры
A8: Этап | B8: Всего | C8: Ильяс | D8: Зураб | E8: Тимурлан | F8: Без менеджера | G8: Доля
A9: Отправлено | B9: =COUNTIF('Лиды'!$C$2:$C$2000,"Отправлено") | C9: =COUNTIFS('Лиды'!$C$2:$C$2000,"Отправлено",'Лиды'!$D$2:$D$2000,"Ильяс") | D9: =COUNTIFS('Лиды'!$C$2:$C$2000,"Отправлено",'Лиды'!$D$2:$D$2000,"Зураб") | E9: =COUNTIFS('Лиды'!$C$2:$C$2000,"Отправлено",'Лиды'!$D$2:$D$2000,"Тимурлан") | F9: =B9-SUM(C9:E9) | G9: =REPT("█",IF(MAX($B$9:$B$16)=0,0,ROUND(B9/MAX($B$9:$B$16)*24,0)))
A10: Не ответил | B10: =COUNTIF('Лиды'!$C$2:$C$2000,"Не ответил") | C10: =COUNTIFS('Лиды'!$C$2:$C$2000,"Не ответил",'Лиды'!$D$2:$D$2000,"Ильяс") | D10: =COUNTIFS('Лиды'!$C$2:$C$2000,"Не ответил",'Лиды'!$D$2:$D$2000,"Зураб") | E10: =COUNTIFS('Лиды'!$C$2:$C$2000,"Не ответил",'Лиды'!$D$2:$D$2000,"Тимурлан") | F10: =B10-SUM(C10:E10) | G10: =REPT("█",IF(MAX($B$9:$B$16)=0,0,ROUND(B10/MAX($B$9:$B$16)*24,0)))
A11: Ответил | B11: =COUNTIF('Лиды'!$C$2:$C$2000,"Ответил") | C11: =COUNTIFS('Лиды'!$C$2:$C$2000,"Ответил",'Лиды'!$D$2:$D$2000,"Ильяс") | D11: =COUNTIFS('Лиды'!$C$2:$C$2000,"Ответил",'Лиды'!$D$2:$D$2000,"Зураб") | E11: =COUNTIFS('Лиды'!$C$2:$C$2000,"Ответил",'Лиды'!$D$2:$D$2000,"Тимурлан") | F11: =B11-SUM(C11:E11) | G11: =REPT("█",IF(MAX($B$9:$B$16)=0,0,ROUND(B11/MAX($B$9:$B$16)*24,0)))
A12: Доработать | B12: =COUNTIF('Лиды'!$C$2:$C$2000,"Доработать") | C12: =COUNTIFS('Лиды'!$C$2:$C$2000,"Доработать",'Лиды'!$D$2:$D$2000,"Ильяс") | D12: =COUNTIFS('Лиды'!$C$2:$C$2000,"Доработать",'Лиды'!$D$2:$D$2000,"Зураб") | E12: =COUNTIFS('Лиды'!$C$2:$C$2000,"Доработать",'Лиды'!$D$2:$D$2000,"Тимурлан") | F12: =B12-SUM(C12:E12) | G12: =REPT("█",IF(MAX($B$9:$B$16)=0,0,ROUND(B12/MAX($B$9:$B$16)*24,0)))
A13: Перезвонить | B13: =COUNTIF('Лиды'!$C$2:$C$2000,"Перезвонить") | C13: =COUNTIFS('Лиды'!$C$2:$C$2000,"Перезвонить",'Лиды'!$D$2:$D$2000,"Ильяс") | D13: =COUNTIFS('Лиды'!$C$2:$C$2000,"Перезвонить",'Лиды'!$D$2:$D$2000,"Зураб") | E13: =COUNTIFS('Лиды'!$C$2:$C$2000,"Перезвонить",'Лиды'!$D$2:$D$2000,"Тимурлан") | F13: =B13-SUM(C13:E13) | G13: =REPT("█",IF(MAX($B$9:$B$16)=0,0,ROUND(B13/MAX($B$9:$B$16)*24,0)))
A14: Созвон | B14: =COUNTIF('Лиды'!$C$2:$C$2000,"Созвон") | C14: =COUNTIFS('Лиды'!$C$2:$C$2000,"Созвон",'Лиды'!$D$2:$D$2000,"Ильяс") | D14: =COUNTIFS('Лиды'!$C$2:$C$2000,"Созвон",'Лиды'!$D$2:$D$2000,"Зураб") | E14: =COUNTIFS('Лиды'!$C$2:$C$2000,"Созвон",'Лиды'!$D$2:$D$2000,"Тимурлан") | F14: =B14-SUM(C14:E14) | G14: =REPT("█",IF(MAX($B$9:$B$16)=0,0,ROUND(B14/MAX($B$9:$B$16)*24,0)))
A15: Клиент | B15: =COUNTIF('Лиды'!$C$2:$C$2000,"Клиент") | C15: =COUNTIFS('Лиды'!$C$2:$C$2000,"Клиент",'Лиды'!$D$2:$D$2000,"Ильяс") | D15: =COUNTIFS('Лиды'!$C$2:$C$2000,"Клиент",'Лиды'!$D$2:$D$2000,"Зураб") | E15: =COUNTIFS('Лиды'!$C$2:$C$2000,"Клиент",'Лиды'!$D$2:$D$2000,"Тимурлан") | F15: =B15-SUM(C15:E15) | G15: =REPT("█",IF(MAX($B$9:$B$16)=0,0,ROUND(B15/MAX($B$9:$B$16)*24,0)))
A16: Отказ | B16: =COUNTIF('Лиды'!$C$2:$C$2000,"Отказ") | C16: =COUNTIFS('Лиды'!$C$2:$C$2000,"Отказ",'Лиды'!$D$2:$D$2000,"Ильяс") | D16: =COUNTIFS('Лиды'!$C$2:$C$2000,"Отказ",'Лиды'!$D$2:$D$2000,"Зураб") | E16: =COUNTIFS('Лиды'!$C$2:$C$2000,"Отказ",'Лиды'!$D$2:$D$2000,"Тимурлан") | F16: =B16-SUM(C16:E16) | G16: =REPT("█",IF(MAX($B$9:$B$16)=0,0,ROUND(B16/MAX($B$9:$B$16)*24,0)))
A17: Всего в воронке | B17: =SUM(B9:B16) | C17: =SUM(C9:C16) | D17: =SUM(D9:D16) | E17: =SUM(E9:E16) | F17: =SUM(F9:F16)
A19: Конверсия
A20: Шаг | B20: Лидов | C20: От написанных
A21: Написали | B21: =B5 | C21: =IF($B$21=0,"—",B21/$B$21)
A22: Ответили | B22: =COUNTIF('Лиды'!$C$2:$C$2000,"Ответил")+COUNTIF('Лиды'!$C$2:$C$2000,"Доработать")+COUNTIF('Лиды'!$C$2:$C$2000,"Перезвонить")+COUNTIF('Лиды'!$C$2:$C$2000,"Созвон")+COUNTIF('Лиды'!$C$2:$C$2000,"Клиент")+COUNTIF('Лиды'!$C$2:$C$2000,"Отказ") | C22: =IF($B$21=0,"—",B22/$B$21)
A23: Созвон или клиент | B23: =COUNTIF('Лиды'!$C$2:$C$2000,"Созвон")+COUNTIF('Лиды'!$C$2:$C$2000,"Клиент") | C23: =IF($B$21=0,"—",B23/$B$21)
A24: Клиенты | B24: =COUNTIF('Лиды'!$C$2:$C$2000,"Клиент") | C24: =IF($B$21=0,"—",B24/$B$21)
A26: Что сделать сейчас — на листе «Сегодня». Кто на каком этапе — на листе «Канбан».

Sheet Сегодня
A1: Сегодня
A2: Все дела команды: на сегодня, просроченные, без даты и те, кто молчит три дня. Сверху самые старые. Править — на листе «Лиды».
A4: Компания | B4: Этап | C4: Менеджер | D4: Следующий контакт | E4: Срок | F4: Заметка | G4: Телефон | H4: Написали | I4: ранг | J4: Чат
A5: =IFERROR(SORT(FILTER('Лиды'!$B$2:$J$2000,'Лиды'!$V$2:$V$2000=1),4,TRUE),"Дел нет") | J5: =IF(G5="","",HYPERLINK("https://wa.me/"&G5,"Открыть чат"))
J6: =IF(G6="","",HYPERLINK("https://wa.me/"&G6,"Открыть чат"))
J7: =IF(G7="","",HYPERLINK("https://wa.me/"&G7,"Открыть чат"))
J8: =IF(G8="","",HYPERLINK("https://wa.me/"&G8,"Открыть чат"))
J9: =IF(G9="","",HYPERLINK("https://wa.me/"&G9,"Открыть чат"))
J10: =IF(G10="","",HYPERLINK("https://wa.me/"&G10,"Открыть чат"))
J11: =IF(G11="","",HYPERLINK("https://wa.me/"&G11,"Открыть чат"))
J12: =IF(G12="","",HYPERLINK("https://wa.me/"&G12,"Открыть чат"))
J13: =IF(G13="","",HYPERLINK("https://wa.me/"&G13,"Открыть чат"))
J14: =IF(G14="","",HYPERLINK("https://wa.me/"&G14,"Открыть чат"))
J15: =IF(G15="","",HYPERLINK("https://wa.me/"&G15,"Открыть чат"))
J16: =IF(G16="","",HYPERLINK("https://wa.me/"&G16,"Открыть чат"))
J17: =IF(G17="","",HYPERLINK("https://wa.me/"&G17,"Открыть чат"))
... J204: =IF(G204="","",HYPERLINK("https://wa.me/"&G204,"Открыть чат"))

Sheet Канбан
A1: Канбан
A2: Кто на каком этапе. В карточке: компания · менеджер, ниже срок. Этап меняется на листе «Лиды».
A4: ="Отправлено · "&COUNTIF('Лиды'!$C$2:$C$2000,"Отправлено") | B4: ="Не ответил · "&COUNTIF('Лиды'!$C$2:$C$2000,"Не ответил") | C4: ="Ответил · "&COUNTIF('Лиды'!$C$2:$C$2000,"Ответил") | D4: ="Доработать · "&COUNTIF('Лиды'!$C$2:$C$2000,"Доработать") | E4: ="Перезвонить · "&COUNTIF('Лиды'!$C$2:$C$2000,"Перезвонить") | F4: ="Созвон · "&COUNTIF('Лиды'!$C$2:$C$2000,"Созвон") | G4: ="Клиент · "&COUNTIF('Лиды'!$C$2:$C$2000,"Клиент") | H4: ="Отказ · "&COUNTIF('Лиды'!$C$2:$C$2000,"Отказ")
A5: =IFERROR(FILTER('Лиды'!$U$2:$U$2000,'Лиды'!$C$2:$C$2000="Отправлено"),"—") | B5: =IFERROR(FILTER('Лиды'!$U$2:$U$2000,'Лиды'!$C$2:$C$2000="Не ответил"),"—") | C5: =IFERROR(FILTER('Лиды'!$U$2:$U$2000,'Лиды'!$C$2:$C$2000="Ответил"),"—") | D5: =IFERROR(FILTER('Лиды'!$U$2:$U$2000,'Лиды'!$C$2:$C$2000="Доработать"),"—") | E5: =IFERROR(FILTER('Лиды'!$U$2:$U$2000,'Лиды'!$C$2:$C$2000="Перезвонить"),"—") | F5: =IFERROR(FILTER('Лиды'!$U$2:$U$2000,'Лиды'!$C$2:$C$2000="Созвон"),"—") | G5: =IFERROR(FILTER('Лиды'!$U$2:$U$2000,'Лиды'!$C$2:$C$2000="Клиент"),"—") | H5: =IFERROR(FILTER('Лиды'!$U$2:$U$2000,'Лиды'!$C$2:$C$2000="Отказ"),"—")

Sheet Лиды
A1: № | B1: Компания | C1: Этап | D1: Менеджер | E1: Следующий контакт | F1: Срок | G1: Заметка | H1: Телефон | I1: Написали | J1: ранг | K1: Написать | L1: Чат | M1: Город | N1: Рейтинг | O1: Отзывов | P1: Сайт | Q1: Пометки | R1: Пачка | S1: Регион | T1: Текст первого сообщения | U1: карточка | V1: дело
A2: 1 | B2: Комфорт сервис | C2: Очередь | F2: =IF(OR(C2="",C2="Очередь",C2="Клиент",C2="Отказ",C2="Не писать"),"",IF(E2="",IF(AND(C2="Отправлено",I2<>"",TODAY()-INT(I2)>=3),"молчит "&(TODAY()-INT(I2))&" дн.",IF(OR(C2="Перезвонить",C2="Созвон"),"укажи дату","")),IF(INT(E2)<TODAY(),"просрочено",IF(INT(E2)=TODAY(),"сегодня",IF(INT(E2)=TODAY()+1,"завтра",TEXT(E2,"dd.mm")))))) | H2: 79952262199 | J2: =IFERROR(MATCH(C2,'Справка'!$A$12:$A$21,0),99) | K2: =HYPERLINK("https://wa.me/"&H2&"?text="&ENCODEURL(T2),"✉ Написать") | L2: =HYPERLINK("https://wa.me/"&H2,"Открыть чат") | M2: Краснодар | N2: 4.9 | O2: 279 | Q2: без сайта | R2: 1 | S2: Краснодарский край | T2: Здравствуйте! Искал в 2ГИС кровельные компании в Краснодаре и наткнулся на вас: отзывы хорошие, а сайта нет. Могу за вечер собрать для «Комфорт сервис» сайт и показать. Платить не нужно, пока не понравится. Собрать? | U2: =B2&IF(D2<>""," · "&D2,"")&IF(F2<>"",CHAR(10)&F2,"") | V2: =IF(OR(F2="просрочено",F2="сегодня",F2="укажи дату",LEFT(F2,6)="молчит"),1,0)
A3: 2 | B3: Мир кровли | C3: Очередь | F3: =IF(OR(C3="",C3="Очередь",C3="Клиент",C3="Отказ",C3="Не писать"),"",IF(E3="",IF(AND(C3="Отправлено",I3<>"",TODAY()-INT(I3)>=3),"молчит "&(TODAY()-INT(I3))&" дн.",IF(OR(C3="Перезвонить",C3="Созвон"),"укажи дату","")),IF(INT(E3)<TODAY(),"просрочено",IF(INT(E3)=TODAY(),"сегодня",IF(INT(E3)=TODAY()+1,"завтра",TEXT(E3,"dd.mm")))))) | H3: 79184429434 | J3: =IFERROR(MATCH(C3,'Справка'!$A$12:$A$21,0),99) | K3: =HYPERLINK("https://wa.me/"&H3&"?text="&ENCODEURL(T3),"✉ Написать") | L3: =HYPERLINK("https://wa.me/"&H3,"Открыть чат") | M3: Краснодар | N3: 5 | O3: 20 | Q3: без сайта | R3: 1 | S3: Краснодарский край | T3: Здравствуйте! Смотрел в 2ГИС, кто делает кровлю в Краснодаре. У «Мир кровли» хорошие отзывы, но сайта в карточке я не нашёл. Готов за вечер собрать сайт для «Мир кровли» и показать вам. Денег вперёд не беру. Собрать? | U3: =B3&IF(D3<>""," · "&D3,"")&IF(F3<>"",CHAR(10)&F3,"") | V3: =IF(OR(F3="просрочено",F3="сегодня",F3="укажи дату",LEFT(F3,6)="молчит"),1,0)
A4: 3 | B4: Дом под ключ | C4: Очередь | F4: =IF(OR(C4="",C4="Очередь",C4="Клиент",C4="Отказ",C4="Не писать"),"",IF(E4="",IF(AND(C4="Отправлено",I4<>"",TODAY()-INT(I4)>=3),"молчит "&(TODAY()-INT(I4))&" дн.",IF(OR(C4="Перезвонить",C4="Созвон"),"укажи дату","")),IF(INT(E4)<TODAY(),"просрочено",IF(INT(E4)=TODAY(),"сегодня",IF(INT(E4)=TODAY()+1,"завтра",TEXT(E4,"dd.mm")))))) | H4: 79180702263 | J4: =IFERROR(MATCH(C4,'Справка'!$A$12:$A$21,0),99) | K4: =HYPERLINK("https://wa.me/"&H4&"?text="&ENCODEURL(T4),"✉ Написать") | L4: =HYPERLINK("https://wa.me/"&H4,"Открыть чат") | M4: Краснодар | N4: 4.9 | O4: 9 | Q4: без сайта | R4: 1 | S4: Краснодарский край | T4: Здравствуйте! Нашёл вас в 2ГИС среди кровельных компаний в Краснодаре: оценки высокие, а сайта нет. Могу собрать сайт под «Дом под ключ» за вечер и показать. Не понравится — ничего не должны. Сделать? | U4: =B4&IF(D4<>""," · "&D4,"")&IF(F4<>"",CHAR(10)&F4,"") | V4: =IF(OR(F4="просрочено",F4="сегодня",F4="укажи дату",LEFT(F4,6)="молчит"),1,0)
A5: 4 | B5: Ван | C5: Созвон | E5: 46301.708 | F5: =IF(OR(C5="",C5="Очередь",C5="Клиент",C5="Отказ",C5="Не писать"),"",IF(E5="",IF(AND(C5="Отправлено",I5<>"",TODAY()-INT(I5)>=3),"молчит "&(TODAY()-INT(I5))&" дн.",IF(OR(C5="Перезвонить",C5="Созвон"),"укажи дату","")),IF(INT(E5)<TODAY(),"просрочено",IF(INT(E5)=TODAY(),"сегодня",IF(INT(E5)=TODAY()+1,"завтра",TEXT(E5,"dd.mm")))))) | G5: сделал сайт + надо подготовить презу | H5: 79180999091 | I5: 46301 | J5: =IFERROR(MATCH(C5,'Справка'!$A$12:$A$21,0),99) | K5: =HYPERLINK("https://wa.me/"&H5&"?text="&ENCODEURL(T5),"✉ Написать") | L5: =HYPERLINK("https://wa.me/"&H5,"Открыть чат") | M5: Краснодар | N5: 5 | O5: 7 | Q5: без сайта | R5: 1 | S5: Краснодарский край | T5: Здравствуйте! Искал в 2ГИС кровельные компании в Краснодаре и наткнулся на вас: отзывы хорошие, а сайта нет. Могу за вечер собрать для «Ван» сайт и показать. Платить не нужно, пока не понравится. Собрать? | U5: =B5&IF(D5<>""," · "&D5,"")&IF(F5<>"",CHAR(10)&F5,"") | V5: =IF(OR(F5="просрочено",F5="сегодня",F5="укажи дату",LEFT(F5,6)="молчит"),1,0)
A6: 5 | B6: Вентгазнадзор | C6: Очередь | F6: =IF(OR(C6="",C6="Очередь",C6="Клиент",C6="Отказ",C6="Не писать"),"",IF(E6="",IF(AND(C6="Отправлено",I6<>"",TODAY()-INT(I6)>=3),"молчит "&(TODAY()-INT(I6))&" дн.",IF(OR(C6="Перезвонить",C6="Созвон"),"укажи дату","")),IF(INT(E6)<TODAY(),"просрочено",IF(INT(E6)=TODAY(),"сегодня",IF(INT(E6)=TODAY()+1,"завтра",TEXT(E6,"dd.mm")))))) | H6: 79528773239 | J6: =IFERROR(MATCH(C6,'Справка'!$A$12:$A$21,0),99) | K6: =HYPERLINK("https://wa.me/"&H6&"?text="&ENCODEURL(T6),"✉ Написать") | L6: =HYPERLINK("https://wa.me/"&H6,"Открыть чат") | M6: Краснодар | N6: 3.7 | O6: 3 | Q6: без сайта | R6: 1 | S6: Краснодарский край | T6: Здравствуйте! Смотрел в 2ГИС, кто делает кровлю в Краснодаре, и нашёл «Вентгазнадзор». Сайта в карточке нет. Готов за вечер собрать сайт для «Вентгазнадзор» и показать вам. Денег вперёд не беру. Собрать? | U6: =B6&IF(D6<>""," · "&D6,"")&IF(F6<>"",CHAR(10)&F6,"") | V6: =IF(OR(F6="просрочено",F6="сегодня",F6="укажи дату",LEFT(F6,6)="молчит"),1,0)
A7: 6 | B7: Первый дом | C7: Очередь | F7: =IF(OR(C7="",C7="Очередь",C7="Клиент",C7="Отказ",C7="Не писать"),"",IF(E7="",IF(AND(C7="Отправлено",I7<>"",TODAY()-INT(I7)>=3),"молчит "&(TODAY()-INT(I7))&" дн.",IF(OR(C7="Перезвонить",C7="Созвон"),"укажи дату","")),IF(INT(E7)<TODAY(),"просрочено",IF(INT(E7)=TODAY(),"сегодня",IF(INT(E7)=TODAY()+1,"завтра",TEXT(E7,"dd.mm")))))) | H7: 79182121617 | J7: =IFERROR(MATCH(C7,'Справка'!$A$12:$A$21,0),99) | K7: =HYPERLINK("https://wa.me/"&H7&"?text="&ENCODEURL(T7),"✉ Написать") | L7: =HYPERLINK("https://wa.me/"&H7,"Открыть чат") | M7: Краснодар | N7: 5 | O7: 1 | Q7: без сайта | R7: 1 | S7: Краснодарский край | T7: Здравствуйте! Нашёл вас в 2ГИС среди кровельных компаний в Краснодаре, а сайта в карточке не нашёл. Могу собрать сайт под «Первый дом» за вечер и показать. Не понравится — ничего не должны. Сделать? | U7: =B7&IF(D7<>""," · "&D7,"")&IF(F7<>"",CHAR(10)&F7,"") | V7: =IF(OR(F7="просрочено",F7="сегодня",F7="укажи дату",LEFT(F7,6)="молчит"),1,0)
A8: 7 | B8: Кровля для вас | C8: Очередь | F8: =IF(OR(C8="",C8="Очередь",C8="Клиент",C8="Отказ",C8="Не писать"),"",IF(E8="",IF(AND(C8="Отправлено",I8<>"",TODAY()-INT(I8)>=3),"молчит "&(TODAY()-INT(I8))&" дн.",IF(OR(C8="Перезвонить",C8="Созвон"),"укажи дату","")),IF(INT(E8)<TODAY(),"просрочено",IF(INT(E8)=TODAY(),"сегодня",IF(INT(E8)=TODAY()+1,"завтра",TEXT(E8,"dd.mm")))))) | H8: 79604743388 | J8: =IFERROR(MATCH(C8,'Справка'!$A$12:$A$21,0),99) | K8: =HYPERLINK("https://wa.me/"&H8&"?text="&ENCODEURL(T8),"✉ Написать") | L8: =HYPERLINK("https://wa.me/"&H8,"Открыть чат") | M8: Краснодар | N8: 1 | O8: 1 | Q8: без сайта | R8: 1 | S8: Краснодарский край | T8: Здравствуйте! Искал в 2ГИС кровельные компании в Краснодаре и наткнулся на вас. Сайта в карточке не увидел. Могу за вечер собрать для «Кровля для вас» сайт и показать. Платить не нужно, пока не понравится. Собрать? | U8: =B8&IF(D8<>""," · "&D8,"")&IF(F8<>"",CHAR(10)&F8,"") | V8: =IF(OR(F8="просрочено",F8="сегодня",F8="укажи дату",LEFT(F8,6)="молчит"),1,0)
A9: 8 | B9: Монтажная компания | C9: Очередь | F9: =IF(OR(C9="",C9="Очередь",C9="Клиент",C9="Отказ",C9="Не писать"),"",IF(E9="",IF(AND(C9="Отправлено",I9<>"",TODAY()-INT(I9)>=3),"молчит "&(TODAY()-INT(I9))&" дн.",IF(OR(C9="Перезвонить",C9="Созвон"),"укажи дату","")),IF(INT(E9)<TODAY(),"просрочено",IF(INT(E9)=TODAY(),"сегодня",IF(INT(E9)=TODAY()+1,"завтра",TEXT(E9,"dd.mm")))))) | H9: 79531181340 | J9: =IFERROR(MATCH(C9,'Справка'!$A$12:$A$21,0),99) | K9: =HYPERLINK("https://wa.me/"&H9&"?text="&ENCODEURL(T9),"✉ Написать") | L9: =HYPERLINK("https://wa.me/"&H9,"Открыть чат") | M9: Краснодар | Q9: без сайта | R9: 1 | S9: Краснодарский край | T9: Здравствуйте! Смотрел в 2ГИС, кто делает кровлю в Краснодаре, и нашёл «Монтажная компания». Сайта в карточке нет. Готов за вечер собрать сайт для «Монтажная компания» и показать вам. Денег вперёд не беру. Собрать? | U9: =B9&IF(D9<>""," · "&D9,"")&IF(F9<>"",CHAR(10)&F9,"") | V9: =IF(OR(F9="просрочено",F9="сегодня",F9="укажи дату",LEFT(F9,6)="молчит"),1,0)
A10: 9 | B10: Ремонт по карману | C10: Очередь | F10: =IF(OR(C10="",C10="Очередь",C10="Клиент",C10="Отказ",C10="Не писать"),"",IF(E10="",IF(AND(C10="Отправлено",I10<>"",TODAY()-INT(I10)>=3),"молчит "&(TODAY()-INT(I10))&" дн.",IF(OR(C10="Перезвонить",C10="Созвон"),"укажи дату","")),IF(INT(E10)<TODAY(),"просрочено",IF(INT(E10)=TODAY(),"сегодня",IF(INT(E10)=TODAY()+1,"завтра",TEXT(E10,"dd.mm")))))) | H10: 79885222323 | J10: =IFERROR(MATCH(C10,'Справка'!$A$12:$A$21,0),99) | K10: =HYPERLINK("https://wa.me/"&H10&"?text="&ENCODEURL(T10),"✉ Написать") | L10: =HYPERLINK("https://wa.me/"&H10,"Открыть чат") | M10: Краснодар | Q10: без сайта | R10: 1 | S10: Краснодарский край | T10: Здравствуйте! Нашёл вас в 2ГИС среди кровельных компаний в Краснодаре, а сайта в карточке не нашёл. Могу собрать сайт под «Ремонт по карману» за вечер и показать. Не понравится — ничего не должны. Сделать? | U10: =B10&IF(D10<>""," · "&D10,"")&IF(F10<>"",CHAR(10)&F10,"") | V10: =IF(OR(F10="просрочено",F10="сегодня",F10="укажи дату",LEFT(F10,6)="молчит"),1,0)
A11: 10 | B11: Кс | C11: Очередь | F11: =IF(OR(C11="",C11="Очередь",C11="Клиент",C11="Отказ",C11="Не писать"),"",IF(E11="",IF(AND(C11="Отправлено",I11<>"",TODAY()-INT(I11)>=3),"молчит "&(TODAY()-INT(I11))&" дн.",IF(OR(C11="Перезвонить",C11="Созвон"),"укажи дату","")),IF(INT(E11)<TODAY(),"просрочено",IF(INT(E11)=TODAY(),"сегодня",IF(INT(E11)=TODAY()+1,"завтра",TEXT(E11,"dd.mm")))))) | H11: 79002450555 | J11: =IFERROR(MATCH(C11,'Справка'!$A$12:$A$21,0),99) | K11: =HYPERLINK("https://wa.me/"&H11&"?text="&ENCODEURL(T11),"✉ Написать") | L11: =HYPERLINK("https://wa.me/"&H11,"Открыть чат") | M11: Краснодар | Q11: без сайта | R11: 1 | S11: Краснодарский край | T11: Здравствуйте! Искал в 2ГИС кровельные компании в Краснодаре и наткнулся на вас. Сайта в карточке не увидел. Могу за вечер собрать для «Кс» сайт и показать. Платить не нужно, пока не понравится. Собрать? | U11: =B11&IF(D11<>""," · "&D11,"")&IF(F11<>"",CHAR(10)&F11,"") | V11: =IF(OR(F11="просрочено",F11="сегодня",F11="укажи дату",LEFT(F11,6)="молчит"),1,0)
A12: 11 | B12: Автономия | C12: Очередь | F12: =IF(OR(C12="",C12="Очередь",C12="Клиент",C12="Отказ",C12="Не писать"),"",IF(E12="",IF(AND(C12="Отправлено",I12<>"",TODAY()-INT(I12)>=3),"молчит "&(TODAY()-INT(I12))&" дн.",IF(OR(C12="Перезвонить",C12="Созвон"),"укажи дату","")),IF(INT(E12)<TODAY(),"просрочено",IF(INT(E12)=TODAY(),"сегодня",IF(INT(E12)=TODAY()+1,"завтра",TEXT(E12,"dd.mm")))))) | H12: 79284153444 | J12: =IFERROR(MATCH(C12,'Справка'!$A$12:$A$21,0),99) | K12: =HYPERLINK("https://wa.me/"&H12&"?text="&ENCODEURL(T12),"✉ Написать") | L12: =HYPERLINK("https://wa.me/"&H12,"Открыть чат") | M12: Краснодар | Q12: без сайта | R12: 1 | S12: Краснодарский край | T12: Здравствуйте! Смотрел в 2ГИС, кто делает кровлю в Краснодаре, и нашёл «Автономия». Сайта в карточке нет. Готов за вечер собрать сайт для «Автономия» и показать вам. Денег вперёд не беру. Собрать? | U12: =B12&IF(D12<>""," · "&D12,"")&IF(F12<>"",CHAR(10)&F12,"") | V12: =IF(OR(F12="просрочено",F12="сегодня",F12="укажи дату",LEFT(F12,6)="молчит"),1,0)
A13: 12 | B13: Жестяной цех | C13: Очередь | F13: =IF(OR(C13="",C13="Очередь",C13="Клиент",C13="Отказ",C13="Не писать"),"",IF(E13="",IF(AND(C13="Отправлено",I13<>"",TODAY()-INT(I13)>=3),"молчит "&(TODAY()-INT(I13))&" дн.",IF(OR(C13="Перезвонить",C13="Созвон"),"укажи дату","")),IF(INT(E13)<TODAY(),"просрочено",IF(INT(E13)=TODAY(),"сегодня",IF(INT(E13)=TODAY()+1,"завтра",TEXT(E13,"dd.mm")))))) | H13: 79034495732 | J13: =IFERROR(MATCH(C13,'Справка'!$A$12:$A$21,0),99) | K13: =HYPERLINK("https://wa.me/"&H13&"?text="&ENCODEURL(T13),"✉ Написать") | L13: =HYPERLINK("https://wa.me/"&H13,"Открыть чат") | M13: пгт Яблоновский | Q13: без сайта | R13: 1 | S13: Краснодарский край | T13: Здравствуйте! Нашёл вас в 2ГИС среди кровельных компаний в Яблоновском, а сайта в карточке не нашёл. Могу собрать сайт под «Жестяной цех» за вечер и показать. Не понравится — ничего не должны. Сделать? | U13: =B13&IF(D13<>""," · "&D13,"")&IF(F13<>"",CHAR(10)&F13,"") | V13: =IF(OR(F13="просрочено",F13="сегодня",F13="укажи дату",LEFT(F13,6)="молчит"),1,0)
A14: 13 | B14: Юнисила-Юг | C14: Очередь | F14: =IF(OR(C14="",C14="Очередь",C14="Клиент",C14="Отказ",C14="Не писать"),"",IF(E14="",IF(AND(C14="Отправлено",I14<>"",TODAY()-INT(I14)>=3),"молчит "&(TODAY()-INT(I14))&" дн.",IF(OR(C14="Перезвонить",C14="Созвон"),"укажи дату","")),IF(INT(E14)<TODAY(),"просрочено",IF(INT(E14)=TODAY(),"сегодня",IF(INT(E14)=TODAY()+1,"завтра",TEXT(E14,"dd.mm")))))) | H14: 79898078818 | J14: =IFERROR(MATCH(C14,'Справка'!$A$12:$A$21,0),99) | K14: =HYPERLINK("https://wa.me/"&H14&"?text="&ENCODEURL(T14),"✉ Написать") | L14: =HYPERLINK("https://wa.me/"&H14,"Открыть чат") | M14: Краснодар | Q14: без сайта | R14: 1 | S14: Краснодарский край | T14: Здравствуйте! Искал в 2ГИС кровельные компании в Краснодаре и наткнулся на вас. Сайта в карточке не увидел. Могу за вечер собрать для «Юнисила-Юг» сайт и показать. Платить не нужно, пока не понравится. Собрать? | U14: =B14&IF(D14<>""," · "&D14,"")&IF(F14<>"",CHAR(10)&F14,"") | V14: =IF(OR(F14="просрочено",F14="сегодня",F14="укажи дату",LEFT(F14,6)="молчит"),1,0)
A15: 14 | B15: Кровмонтажстрой | C15: Очередь | F15: =IF(OR(C15="",C15="Очередь",C15="Клиент",C15="Отказ",C15="Не писать"),"",IF(E15="",IF(AND(C15="Отправлено",I15<>"",TODAY()-INT(I15)>=3),"молчит "&(TODAY()-INT(I15))&" дн.",IF(OR(C15="Перезвонить",C15="Созвон"),"укажи дату","")),IF(INT(E15)<TODAY(),"просрочено",IF(INT(E15)=TODAY(),"сегодня",IF(INT(E15)=TODAY()+1,"завтра",TEXT(E15,"dd.mm")))))) | H15: 79298320555 | J15: =IFERROR(MATCH(C15,'Справка'!$A$12:$A$21,0),99) | K15: =HYPERLINK("https://wa.me/"&H15&"?text="&ENCODEURL(T15),"✉ Написать") | L15: =HYPERLINK("https://wa.me/"&H15,"Открыть чат") | M15: Краснодар | Q15: без сайта | R15: 1 | S15: Краснодарский край | T15: Здравствуйте! Смотрел в 2ГИС, кто делает кровлю в Краснодаре, и нашёл «Кровмонтажстрой». Сайта в карточке нет. Готов за вечер собрать сайт для «Кровмонтажстрой» и показать вам. Денег вперёд не беру. Собрать? | U15: =B15&IF(D15<>""," · "&D15,"")&IF(F15<>"",CHAR(10)&F15,"") | V15: =IF(OR(F15="просрочено",F15="сегодня",F15="укажи дату",LEFT(F15,6)="молчит"),1,0)
A16: 15 | B16: Строительно пожарная компания | C16: Очередь | F16: =IF(OR(C16="",C16="Очередь",C16="Клиент",C16="Отказ",C16="Не писать"),"",IF(E16="",IF(AND(C16="Отправлено",I16<>"",TODAY()-INT(I16)>=3),"молчит "&(TODAY()-INT(I16))&" дн.",IF(OR(C16="Перезвонить",C16="Созвон"),"укажи дату","")),IF(INT(E16)<TODAY(),"просрочено",IF(INT(E16)=TODAY(),"сегодня",IF(INT(E16)=TODAY()+1,"завтра",TEXT(E16,"dd.mm")))))) | H16: 79180857658 | J16: =IFERROR(MATCH(C16,'Справка'!$A$12:$A$21,0),99) | K16: =HYPERLINK("https://wa.me/"&H16&"?text="&ENCODEURL(T16),"✉ Написать") | L16: =HYPERLINK("https://wa.me/"&H16,"Открыть чат") | M16: Краснодар | Q16: без сайта | R16: 1 | S16: Краснодарский край | T16: Здравствуйте! Нашёл вас в 2ГИС среди кровельных компаний в Краснодаре, а сайта в карточке не нашёл. Могу собрать сайт под «Строительно пожарная компания» за вечер и показать. Не понравится — ничего не должны. Сделать? | U16: =B16&IF(D16<>""," · "&D16,"")&IF(F16<>"",CHAR(10)&F16,"") | V16: =IF(OR(F16="просрочено",F16="сегодня",F16="укажи дату",LEFT(F16,6)="молчит"),1,0)
A17: 16 | B17: КаспийСтрой-Юг | C17: Очередь | F17: =IF(OR(C17="",C17="Очередь",C17="Клиент",C17="Отказ",C17="Не писать"),"",IF(E17="",IF(AND(C17="Отправлено",I17<>"",TODAY()-INT(I17)>=3),"молчит "&(TODAY()-INT(I17))&" дн.",IF(OR(C17="Перезвонить",C17="Созвон"),"укажи дату","")),IF(INT(E17)<TODAY(),"просрочено",IF(INT(E17)=TODAY(),"сегодня",IF(INT(E17)=TODAY()+1,"завтра",TEXT(E17,"dd.mm")))))) | H17: 79885596464 | J17: =IFERROR(MATCH(C17,'Справка'!$A$12:$A$21,0),99) | K17: =HYPERLINK("https://wa.me/"&H17&"?text="&ENCODEURL(T17),"✉ Написать") | L17: =HYPERLINK("https://wa.me/"&H17,"Открыть чат") | M17: Краснодар | Q17: без сайта | R17: 1 | S17: Краснодарский край | T17: Здравствуйте! Искал в 2ГИС кровельные компании в Краснодаре и наткнулся на вас. Сайта в карточке не увидел. Могу за вечер собрать для «КаспийСтрой-Юг» сайт и показать. Платить не нужно, пока не понравится. Собрать? | U17: =B17&IF(D17<>""," · "&D17,"")&IF(F17<>"",CHAR(10)&F17,"") | V17: =IF(OR(F17="просрочено",F17="сегодня",F17="укажи дату",LEFT(F17,6)="молчит"),1,0)
A18: 17 | B18: Крепстрой | C18: Очередь | F18: =IF(OR(C18="",C18="Очередь",C18="Клиент",C18="Отказ",C18="Не писать"),"",IF(E18="",IF(AND(C18="Отправлено",I18<>"",TODAY()-INT(I18)>=3),"молчит "&(TODAY()-INT(I18))&" дн.",IF(OR(C18="Перезвонить",C18="Созвон"),"укажи дату","")),IF(INT(E18)<TODAY(),"просрочено",IF(INT(E18)=TODAY(),"сегодня",IF(INT(E18)=TODAY()+1,"завтра",TEXT(E18,"dd.mm")))))) | H18: 79965322817 | J18: =IFERROR(MATCH(C18,'Справка'!$A$12:$A$21,0),99) | K18: =HYPERLINK("https://wa.me/"&H18&"?text="&ENCODEURL(T18),"✉ Написать") | L18: =HYPERLINK("https://wa.me/"&H18,"Открыть чат") | M18: ст-ца Новотитаровская | Q18: без сайта | R18: 1 | S18: Краснодарский край | T18: Здравствуйте! Смотрел в 2ГИС, кто делает кровлю в Новотитаровской, и нашёл «Крепстрой». Сайта в карточке нет. Готов за вечер собрать сайт для «Крепстрой» и показать вам. Денег вперёд не беру. Собрать? | U18: =B18&IF(D18<>""," · "&D18,"")&IF(F18<>"",CHAR(10)&F18,"") | V18: =IF(OR(F18="просрочено",F18="сегодня",F18="укажи дату",LEFT(F18,6)="молчит"),1,0)
A19: 18 | B19: Фараон | C19: Очередь | F19: =IF(OR(C19="",C19="Очередь",C19="Клиент",C19="Отказ",C19="Не писать"),"",IF(E19="",IF(AND(C19="Отправлено",I19<>"",TODAY()-INT(I19)>=3),"молчит "&(TODAY()-INT(I19))&" дн.",IF(OR(C19="Перезвонить",C19="Созвон"),"укажи дату","")),IF(INT(E19)<TODAY(),"просрочено",IF(INT(E19)=TODAY(),"сегодня",IF(INT(E19)=TODAY()+1,"завтра",TEXT(E19,"dd.mm")))))) | H19: 79696603030 | J19: =IFERROR(MATCH(C19,'Справка'!$A$12:$A$21,0),99) | K19: =HYPERLINK("https://wa.me/"&H19&"?text="&ENCODEURL(T19),"✉ Написать") | L19: =HYPERLINK("https://wa.me/"&H19,"Открыть чат") | M19: Краснодар | N19: 5 | O19: 3 | Q19: без сайта, WhatsApp не подтверждён | R19: 1 | S19: Краснодарский край | T19: Здравствуйте! Нашёл вас в 2ГИС среди кровельных компаний в Краснодаре: оценки высокие, а сайта нет. Могу собрать сайт под «Фараон» за вечер и показать. Не понравится — ничего не должны. Сделать? | U19: =B19&IF(D19<>""," · "&D19,"")&IF(F19<>"",CHAR(10)&F19,"") | V19: =IF(OR(F19="просрочено",F19="сегодня",F19="укажи дату",LEFT(F19,6)="молчит"),1,0)
A20: 19 | B20: СК Белый ключ | C20: Очередь | F20: =IF(OR(C20="",C20="Очередь",C20="Клиент",C20="Отказ",C20="Не писать"),"",IF(E20="",IF(AND(C20="Отправлено",I20<>"",TODAY()-INT(I20)>=3),"молчит "&(TODAY()-INT(I20))&" дн.",IF(OR(C20="Перезвонить",C20="Созвон"),"укажи дату","")),IF(INT(E20)<TODAY(),"просрочено",IF(INT(E20)=TODAY(),"сегодня",IF(INT(E20)=TODAY()+1,"завтра",TEXT(E20,"dd.mm")))))) | H20: 79186850609 | J20: =IFERROR(MATCH(C20,'Справка'!$A$12:$A$21,0),99) | K20: =HYPERLINK("https://wa.me/"&H20&"?text="&ENCODEURL(T20),"✉ Написать") | L20: =HYPERLINK("https://wa.me/"&H20,"Открыть чат") | M20: Краснодар | N20: 4 | O20: 2 | Q20: без сайта, WhatsApp не подтверждён | R20: 1 | S20: Краснодарский край | T20: Здравствуйте! Искал в 2ГИС кровельные компании в Краснодаре и наткнулся на вас. Сайта в карточке не увидел. Могу за вечер собрать для «СК Белый ключ» сайт и показать. Платить не нужно, пока не понравится. Собрать? | U20: =B20&IF(D20<>""," · "&D20,"")&IF(F20<>"",CHAR(10)&F20,"") | V20: =IF(OR(F20="просрочено",F20="сегодня",F20="укажи дату",LEFT(F20,6)="молчит"),1,0)
A21: 20 | B21: СтройДом | C21: Очередь | F21: =IF(OR(C21="",C21="Очередь",C21="Клиент",C21="Отказ",C21="Не писать"),"",IF(E21="",IF(AND(C21="Отправлено",I21<>"",TODAY()-INT(I21)>=3),"молчит "&(TODAY()-INT(I21))&" дн.",IF(OR(C21="Перезвонить",C21="Созвон"),"укажи дату","")),IF(INT(E21)<TODAY(),"просрочено",IF(INT(E21)=TODAY(),"сегодня",IF(INT(E21)=TODAY()+1,"завтра",TEXT(E21,"dd.mm")))))) | H21: 79054043088 | J21: =IFERROR(MATCH(C21,'Справка'!$A$12:$A$21,0),99) | K21: =HYPERLINK("https://wa.me/"&H21&"?text="&ENCODEURL(T21),"✉ Написать") | L21: =HYPERLINK("https://wa.me/"&H21,"Открыть чат") | M21: Краснодар | N21: 5 | O21: 1 | Q21: без сайта, WhatsApp не подтверждён | R21: 1 | S21: Краснодарский край | T21: Здравствуйте! Смотрел в 2ГИС, кто делает кровлю в Краснодаре, и нашёл «СтройДом». Сайта в карточке нет. Готов за вечер собрать сайт для «СтройДом» и показать вам. Денег вперёд не беру. Собрать? | U21: =B21&IF(D21<>""," · "&D21,"")&IF(F21<>"",CHAR(10)&F21,"") | V21: =IF(OR(F21="просрочено",F21="сегодня",F21="укажи дату",LEFT(F21,6)="молчит"),1,0)
A22: 21 | B22: Строительная компания | C22: Очередь | F22: =IF(OR(C22="",C22="Очередь",C22="Клиент",C22="Отказ",C22="Не писать"),"",IF(E22="",IF(AND(C22="Отправлено",I22<>"",TODAY()-INT(I22)>=3),"молчит "&(TODAY()-INT(I22))&" дн.",IF(OR(C22="Перезвонить",C22="Созвон"),"укажи дату","")),IF(INT(E22)<TODAY(),"просрочено",IF(INT(E22)=TODAY(),"сегодня",IF(INT(E22)=TODAY()+1,"завтра",TEXT(E22,"dd.mm")))))) | H22: 79282038053 | J22: =IFERROR(MATCH(C22,'Справка'!$A$12:$A$21,0),99) | K22: =HYPERLINK("https://wa.me/"&H22&"?text="&ENCODEURL(T22),"✉ Написать") | L22: =HYPERLINK("https://wa.me/"&H22,"Открыть чат") | M22: Краснодар | Q22: без сайта, WhatsApp не подтверждён | R22: 1 | S22: Краснодарский край | T22: Здравствуйте! Нашёл вас в 2ГИС среди кровельных компаний в Краснодаре, а сайта в карточке не нашёл. Могу собрать сайт под «Строительная компания» за вечер и показать. Не понравится — ничего не должны. Сделать? | U22: =B22&IF(D22<>""," · "&D22,"")&IF(F22<>"",CHAR(10)&F22,"") | V22: =IF(OR(F22="просрочено",F22="сегодня",F22="укажи дату",LEFT(F22,6)="молчит"),1,0)
A23: 22 | B23: КровМонтаж | C23: Очередь | F23: =IF(OR(C23="",C23="Очередь",C23="Клиент",C23="Отказ",C23="Не писать"),"",IF(E23="",IF(AND(C23="Отправлено",I23<>"",TODAY()-INT(I23)>=3),"молчит "&(TODAY()-INT(I23))&" дн.",IF(OR(C23="Перезвонить",C23="Созвон"),"укажи дату","")),IF(INT(E23)<TODAY(),"просрочено",IF(INT(E23)=TODAY(),"сегодня",IF(INT(E23)=TODAY()+1,"завтра",TEXT(E23,"dd.mm")))))) | H23: 79136297117 | J23: =IFERROR(MATCH(C23,'Справка'!$A$12:$A$21,0),99) | K23: =HYPERLINK("https://wa.me/"&H23&"?text="&ENCODEURL(T23),"✉ Написать") | L23: =HYPERLINK("https://wa.me/"&H23,"Открыть чат") | M23: Краснодар | Q23: без сайта, WhatsApp не подтверждён | R23: 1 | S23: Краснодарский край | T23: Здравствуйте! Искал в 2ГИС кровельные компании в Краснодаре и наткнулся на вас. Сайта в карточке не увидел. Могу за вечер собрать для «КровМонтаж» сайт и показать. Платить не нужно, пока не понравится. Собрать? | U23: =B23&IF(D23<>""," · "&D23,"")&IF(F23<>"",CHAR(10)&F23,"") | V23: =IF(OR(F23="просрочено",F23="сегодня",F23="укажи дату",LEFT(F23,6)="молчит"),1,0)
A24: 23 | B24: Компания по кровельным работам | C24: Очередь | F24: =IF(OR(C24="",C24="Очередь",C24="Клиент",C24="Отказ",C24="Не писать"),"",IF(E24="",IF(AND(C24="Отправлено",I24<>"",TODAY()-INT(I24)>=3),"молчит "&(TODAY()-INT(I24))&" дн.",IF(OR(C24="Перезвонить",C24="Созвон"),"укажи дату","")),IF(INT(E24)<TODAY(),"просрочено",IF(INT(E24)=TODAY(),"сегодня",IF(INT(E24)=TODAY()+1,"завтра",TEXT(E24,"dd.mm")))))) | H24: 79183312345 | J24: =IFERROR(MATCH(C24,'Справка'!$A$12:$A$21,0),99) | K24: =HYPERLINK("https://wa.me/"&H24&"?text="&ENCODEURL(T24),"✉ Написать") | L24: =HYPERLINK("https://wa.me/"&H24,"Открыть чат") | M24: Краснодар | Q24: без сайта, WhatsApp не подтверждён | R24: 1 | S24: Краснодарский край | T24: Здравствуйте! Смотрел в 2ГИС, кто делает кровлю в Краснодаре, и нашёл «Компания по кровельным работам». Сайта в карточке нет. Готов за вечер собрать сайт для «Компания по кровельным работам» и показать вам. Денег вперёд не беру. Собрать? | U24: =B24&IF(D24<>""," · "&D24,"")&IF(F24<>"",CHAR(10)&F24,"") | V24: =IF(OR(F24="просрочено",F24="сегодня",F24="укажи дату",LEFT(F24,6)="молчит"),1,0)
A25: 24 | B25: Фирма по услугам кровельных работ | C25: Очередь | F25: =IF(OR(C25="",C25="Очередь",C25="Клиент",C25="Отказ",C25="Не писать"),"",IF(E25="",IF(AND(C25="Отправлено",I25<>"",TODAY()-INT(I25)>=3),"молчит "&(TODAY()-INT(I25))&" дн.",IF(OR(C25="Перезвонить",C25="Созвон"),"укажи дату","")),IF(INT(E25)<TODAY(),"просрочено",IF(INT(E25)=TODAY(),"сегодня",IF(INT(E25)=TODAY()+1,"завтра",TEXT(E25,"dd.mm")))))) | H25: 79183839805 | J25: =IFERROR(MATCH(C25,'Справка'!$A$12:$A$21,0),99) | K25: =HYPERLINK("https://wa.me/"&H25&"?text="&ENCODEURL(T25),"✉ Написать") | L25: =HYPERLINK("https://wa.me/"&H25,"Открыть чат") | M25: Краснодар | Q25: без сайта, WhatsApp не подтверждён | R25: 1 | S25: Краснодарский край | T25: Здравствуйте! Нашёл вас в 2ГИС среди кровельных компаний в Краснодаре, а сайта в карточке не нашёл. Могу собрать сайт под «Фирма по услугам кровельных работ» за вечер и показать. Не понравится — ничего не должны. Сделать? | U25: =B25&IF(D25<>""," · "&D25,"")&IF(F25<>"",CHAR(10)&F25,"") | V25: =IF(OR(F25="просрочено",F25="сегодня",F25="укажи дату",LEFT(F25,6)="молчит"),1,0)
A26: 25 | B26: Кровельная компания | C26: Очередь | F26: =IF(OR(C26="",C26="Очередь",C26="Клиент",C26="Отказ",C26="Не писать"),"",IF(E26="",IF(AND(C26="Отправлено",I26<>"",TODAY()-INT(I26)>=3),"молчит "&(TODAY()-INT(I26))&" дн.",IF(OR(C26="Перезвонить",C26="Созвон"),"укажи дату","")),IF(INT(E26)<TODAY(),"просрочено",IF(INT(E26)=TODAY(),"сегодня",IF(INT(E26)=TODAY()+1,"завтра",TEXT(E26,"dd.mm")))))) | H26: 79094605113 | J26: =IFERROR(MATCH(C26,'Справка'!$A$12:$A$21,0),99) | K26: =HYPERLINK("https://wa.me/"&H26&"?text="&ENCODEURL(T26),"✉ Написать") | L26: =HYPERLINK("https://wa.me/"&H26,"Открыть чат") | M26: Краснодар | Q26: без сайта, WhatsApp не подтверждён | R26: 1 | S26: Краснодарский край | T26: Здравствуйте! Искал в 2ГИС кровельные компании в Краснодаре и наткнулся на вас. Сайта в карточке не увидел. Могу за вечер собрать для «Кровельная компания» сайт и показать. Платить не нужно, пока не понравится. Собрать? | U26: =B26&IF(D26<>""," · "&D26,"")&IF(F26<>"",CHAR(10)&F26,"") | V26: =IF(OR(F26="просрочено",F26="сегодня",F26="укажи дату",LEFT(F26,6)="молчит"),1,0)
A27: 26 | B27: Компания кровельных работ | C27: Очередь | F27: =IF(OR(C27="",C27="Очередь",C27="Клиент",C27="Отказ",C27="Не писать"),"",IF(E27="",IF(AND(C27="Отправлено",I27<>"",TODAY()-INT(I27)>=3),"молчит "&(TODAY()-INT(I27))&" дн.",IF(OR(C27="Перезвонить",C27="Созвон"),"укажи дату","")),IF(INT(E27)<TODAY(),"просрочено",IF(INT(E27)=TODAY(),"сегодня",IF(INT(E27)=TODAY()+1,"завтра",TEXT(E27,"dd.mm")))))) | H27: 79034094281 | J27: =IFERROR(MATCH(C27,'Справка'!$A$12:$A$21,0),99) | K27: =HYPERLINK("https://wa.me/"&H27&"?text="&ENCODEURL(T27),"✉ Написать") | L27: =HYPERLINK("https://wa.me/"&H27,"Открыть чат") | M27: Краснодар | Q27: без сайта, WhatsApp не подтверждён | R27: 1 | S27: Краснодарский край | T27: Здравствуйте! Смотрел в 2ГИС, кто делает кровлю в Краснодаре, и нашёл «Компания кровельных работ». Сайта в карточке нет. Готов за вечер собрать сайт для «Компания кровельных работ» и показать вам. Денег вперёд не беру. Собрать? | U27: =B27&IF(D27<>""," · "&D27,"")&IF(F27<>"",CHAR(10)&F27,"") | V27: =IF(OR(F27="просрочено",F27="сегодня",F27="укажи дату",LEFT(F27,6)="молчит"),1,0)
A28: 27 | B28: Фирма по ремонту кровли | C28: Очередь | F28: =IF(OR(C28="",C28="Очередь",C28="Клиент",C28="Отказ",C28="Не писать"),"",IF(E28="",IF(AND(C28="Отправлено",I28<>"",TODAY()-INT(I28)>=3),"молчит "&(TODAY()-INT(I28))&" дн.",IF(OR(C28="Перезвонить",C28="Созвон"),"укажи дату","")),IF(INT(E28)<TODAY(),"просрочено",IF(INT(E28)=TODAY(),"сегодня",IF(INT(E28)=TODAY()+1,"завтра",TEXT(E28,"dd.mm")))))) | H28: 79184942546 | J28: =IFERROR(MATCH(C28,'Справка'!$A$12:$A$21,0),99) | K28: =HYPERLINK("https://wa.me/"&H28&"?text="&ENCODEURL(T28),"✉ Написать") | L28: =HYPERLINK("https://wa.me/"&H28,"Открыть чат") | M28: Краснодар | Q28: без сайта, WhatsApp не подтверждён | R28: 1 | S28: Краснодарский край | T28: Здравствуйте! Нашёл вас в 2ГИС среди кровельных компаний в Краснодаре, а сайта в карточке не нашёл. Могу собрать сайт под «Фирма по ремонту кровли» за вечер и показать. Не понравится — ничего не должны. Сделать? | U28: =B28&IF(D28<>""," · "&D28,"")&IF(F28<>"",CHAR(10)&F28,"") | V28: =IF(OR(F28="просрочено",F28="сегодня",F28="укажи дату",LEFT(F28,6)="молчит"),1,0)
A29: 28 | B29: Компания по кровельным работам | C29: Очередь | F29: =IF(OR(C29="",C29="Очередь",C29="Клиент",C29="Отказ",C29="Не писать"),"",IF(E29="",IF(AND(C29="Отправлено",I29<>"",TODAY()-INT(I29)>=3),"молчит "&(TODAY()-INT(I29))&" дн.",IF(OR(C29="Перезвонить",C29="Созвон"),"укажи дату","")),IF(INT(E29)<TODAY(),"просрочено",IF(INT(E29)=TODAY(),"сегодня",IF(INT(E29)=TODAY()+1,"завтра",TEXT(E29,"dd.mm")))))) | H29: 79307835680 | J29: =IFERROR(MATCH(C29,'Справка'!$A$12:$A$21,0),99) | K29: =HYPERLINK("https://wa.me/"&H29&"?text="&ENCODEURL(T29),"✉ Написать") | L29: =HYPERLINK("https://wa.me/"&H29,"Открыть чат") | M29: Краснодар | Q29: без сайта, WhatsApp не подтверждён | R29: 1 | S29: Краснодарский край | T29: Здравствуйте! Искал в 2ГИС кровельные компании в Краснодаре и наткнулся на вас. Сайта в карточке не увидел. Могу за вечер собрать для «Компания по кровельным работам» сайт и показать. Платить не нужно, пока не понравится. Собрать? | U29: =B29&IF(D29<>""," · "&D29,"")&IF(F29<>"",CHAR(10)&F29,"") | V29: =IF(OR(F29="просрочено",F29="сегодня",F29="укажи дату",LEFT(F29,6)="молчит"),1,0)
A30: 29 | B30: Выездная строительно-отделочная компания | C30: Очередь | F30: =IF(OR(C30="",C30="Очередь",C30="Клиент",C30="Отказ",C30="Не писать"),"",IF(E30="",IF(AND(C30="Отправлено",I30<>"",TODAY()-INT(I30)>=3),"молчит "&(TODAY()-INT(I30))&" дн.",IF(OR(C30="Перезвонить",C30="Созвон"),"укажи дату","")),IF(INT(E30)<TODAY(),"просрочено",IF(INT(E30)=TODAY(),"сегодня",IF(INT(E30)=TODAY()+1,"завтра",TEXT(E30,"dd.mm")))))) | H30: 79282311953 | J30: =IFERROR(MATCH(C30,'Справка'!$A$12:$A$21,0),99) | K30: =HYPERLINK("https://wa.me/"&H30&"?text="&ENCODEURL(T30),"✉ Написать") | L30: =HYPERLINK("https://wa.me/"&H30,"Открыть чат") | M30: Краснодар | Q30: без сайта, WhatsApp не подтверждён | R30: 1 | S30: Краснодарский край | T30: Здравствуйте! Смотрел в 2ГИС, кто делает кровлю в Краснодаре, и нашёл «Выездная строительно-отделочная компания». Сайта в карточке нет. Готов за вечер собрать сайт для «Выездная строительно-отделочная компания» и показать вам. Денег вперёд не беру. Собрать? | U30: =B30&IF(D30<>""," · "&D30,"")&IF(F30<>"",CHAR(10)&F30,"") | V30: =IF(OR(F30="просрочено",F30="сегодня",F30="укажи дату",LEFT(F30,6)="молчит"),1,0)
A31: 30 | B31: Строй-Комфорт | C31: Очередь | F31: =IF(OR(C31="",C31="Очередь",C31="Клиент",C31="Отказ",C31="Не писать"),"",IF(E31="",IF(AND(C31="Отправлено",I31<>"",TODAY()-INT(I31)>=3),"молчит "&(TODAY()-INT(I31))&" дн.",IF(OR(C31="Перезвонить",C31="Созвон"),"укажи дату","")),IF(INT(E31)<TODAY(),"просрочено",IF(INT(E31)=TODAY(),"сегодня",IF(INT(E31)=TODAY()+1,"завтра",TEXT(E31,"dd.mm")))))) | H31: 79384261313 | J31: =IFERROR(MATCH(C31,'Справка'!$A$12:$A$21,0),99) | K31: =HYPERLINK("https://wa.me/"&H31&"?text="&ENCODEURL(T31),"✉ Написать") | L31: =HYPERLINK("https://wa.me/"&H31,"Открыть чат") | M31: ст-ца Елизаветинская | N31: 5 | O31: 24 | P31: ск23.рф | Q31: есть сайт: сначала впиши в текст, что на нём не так | R31: 1 | S31: Краснодарский край | T31: Здравствуйте! Смотрел в 2ГИС кровельные компании в Елизаветинской, зашёл на ваш сайт с телефона: [ЧТО НЕ ТАК НА САЙТЕ]. Могу за вечер собрать вариант под «Строй-Комфорт», где это исправлено, и показать. Собрать? | U31: =B31&IF(D31<>""," · "&D31,"")&IF(F31<>"",CHAR(10)&F31,"") | V31: =IF(OR(F31="просрочено",F31="сегодня",F31="укажи дату",LEFT(F31,6)="молчит"),1,0)
A32: 31 | B32: Domont | C32: Очередь | F32: =IF(OR(C32="",C32="Очередь",C32="Клиент",C32="Отказ",C32="Не писать"),"",IF(E32="",IF(AND(C32="Отправлено",I32<>"",TODAY()-INT(I32)>=3),"молчит "&(TODAY()-INT(I32))&" дн.",IF(OR(C32="Перезвонить",C32="Созвон"),"укажи дату","")),IF(INT(E32)<TODAY(),"просрочено",IF(INT(E32)=TODAY(),"сегодня",IF(INT(E32)=TODAY()+1,"завтра",TEXT(E32,"dd.mm")))))) | H32: 79883882220 | J32: =IFERROR(MATCH(C32,'Справка'!$A$12:$A$21,0),99) | K32: =HYPERLINK("https://wa.me/"&H32&"?text="&ENCODEURL(T32),"✉ Написать") | L32: =HYPERLINK("https://wa.me/"&H32,"Открыть чат") | M32: Краснодар | N32: 4.7 | O32: 19 | P32: domontru.ru | Q32: есть сайт: сначала впиши в текст, что на нём не так | R32: 1 | S32: Краснодарский край | T32: Здравствуйте! Смотрел в 2ГИС кровельные компании в Краснодаре, зашёл на ваш сайт с телефона: [ЧТО НЕ ТАК НА САЙТЕ]. Могу за вечер собрать вариант под «Domont», где это исправлено, и показать. Собрать? | U32: =B32&IF(D32<>""," · "&D32,"")&IF(F32<>"",CHAR(10)&F32,"") | V32: =IF(OR(F32="просрочено",F32="сегодня",F32="укажи дату",LEFT(F32,6)="молчит"),1,0)
A33: 32 | B33: Кровельный цех | C33: Очередь | F33: =IF(OR(C33="",C33="Очередь",C33="Клиент",C33="Отказ",C33="Не писать"),"",IF(E33="",IF(AND(C33="Отправлено",I33<>"",TODAY()-INT(I33)>=3),"молчит "&(TODAY()-INT(I33))&" дн.",IF(OR(C33="Перезвонить",C33="Созвон"),"укажи дату","")),IF(INT(E33)<TODAY(),"просрочено",IF(INT(E33)=TODAY(),"сегодня",IF(INT(E33)=TODAY()+1,"завтра",TEXT(E33,"dd.mm")))))) | H33: 79676624699 | J33: =IFERROR(MATCH(C33,'Справка'!$A$12:$A$21,0),99) | K33: =HYPERLINK("https://wa.me/"&H33&"?text="&ENCODEURL(T33),"✉ Написать") | L33: =HYPERLINK("https://wa.me/"&H33,"Открыть чат") | M33: Краснодар | N33: 5 | O33: 19 | P33: master-krovla.ru | Q33: есть сайт: сначала впиши в текст, что на нём не так | R33: 1 | S33: Краснодарский край | T33: Здравствуйте! Смотрел в 2ГИС кровельные компании в Краснодаре, зашёл на ваш сайт с телефона: [ЧТО НЕ ТАК НА САЙТЕ]. Могу за вечер собрать вариант под «Кровельный цех», где это исправлено, и показать. Собрать? | U33: =B33&IF(D33<>""," · "&D33,"")&IF(F33<>"",CHAR(10)&F33,"") | V33: =IF(OR(F33="просрочено",F33="сегодня",F33="укажи дату",LEFT(F33,6)="молчит"),1,0)
A34: 33 | B34: Мастилит | C34: Очередь | F34: =IF(OR(C34="",C34="Очередь",C34="Клиент",C34="Отказ",C34="Не писать"),"",IF(E34="",IF(AND(C34="Отправлено",I34<>"",TODAY()-INT(I34)>=3),"молчит "&(TODAY()-INT(I34))&" дн.",IF(OR(C34="Перезвонить",C34="Созвон"),"укажи дату","")),IF(INT(E34)<TODAY(),"просрочено",IF(INT(E34)=TODAY(),"сегодня",IF(INT(E34)=TODAY()+1,"завтра",TEXT(E34,"dd.mm")))))) | H34: 79628513538 | J34: =IFERROR(MATCH(C34,'Справка'!$A$12:$A$21,0),99) | K34: =HYPERLINK("https://wa.me/"&H34&"?text="&ENCODEURL(T34),"✉ Написать") | L34: =HYPERLINK("https://wa.me/"&H34,"Открыть чат") | M34: Краснодар | N34: 5 | O34: 17 | P34: mastilit.ru | Q34: есть сайт: сначала впиши в текст, что на нём не так | R34: 1 | S34: Краснодарский край | T34: Здравствуйте! Смотрел в 2ГИС кровельные компании в Краснодаре, зашёл на ваш сайт с телефона: [ЧТО НЕ ТАК НА САЙТЕ]. Могу за вечер собрать вариант под «Мастилит», где это исправлено, и показать. Собрать? | U34: =B34&IF(D34<>""," · "&D34,"")&IF(F34<>"",CHAR(10)&F34,"") | V34: =IF(OR(F34="просрочено",F34="сегодня",F34="укажи дату",LEFT(F34,6)="молчит"),1,0)
A35: 34 | B35: СтройСит | C35: Очередь | F35: =IF(OR(C35="",C35="Очередь",C35="Клиент",C35="Отказ",C35="Не писать"),"",IF(E35="",IF(AND(C35="Отправлено",I35<>"",TODAY()-INT(I35)>=3),"молчит "&(TODAY()-INT(I35))&" дн.",IF(OR(C35="Перезвонить",C35="Созвон"),"укажи дату","")),IF(INT(E35)<TODAY(),"просрочено",IF(INT(E35)=TODAY(),"сегодня",IF(INT(E35)=TODAY()+1,"завтра",TEXT(E35,"dd.mm")))))) | H35: 79892201420 | J35: =IFERROR(MATCH(C35,'Справка'!$A$12:$A$21,0),99) | K35: =HYPERLINK("https://wa.me/"&H35&"?text="&ENCODEURL(T35),"✉ Написать") | L35: =HYPERLINK("https://wa.me/"&H35,"Открыть чат") | M35: Краснодар | N35: 5 | O35: 14 | P35: stroysit.ru | Q35: есть сайт: сначала впиши в текст, что на нём не так | R35: 1 | S35: Краснодарский край | T35: Здравствуйте! Смотрел в 2ГИС кровельные компании в Краснодаре, зашёл на ваш сайт с телефона: [ЧТО НЕ ТАК НА САЙТЕ]. Могу за вечер собрать вариант под «СтройСит», где это исправлено, и показать. Собрать? | U35: =B35&IF(D35<>""," · "&D35,"")&IF(F35<>"",CHAR(10)&F35,"") | V35: =IF(OR(F35="просрочено",F35="сегодня",F35="укажи дату",LEFT(F35,6)="молчит"),1,0)
A36: 35 | B36: DomThermos | C36: Очередь | F36: =IF(OR(C36="",C36="Очередь",C36="Клиент",C36="Отказ",C36="Не писать"),"",IF(E36="",IF(AND(C36="Отправлено",I36<>"",TODAY()-INT(I36)>=3),"молчит "&(TODAY()-INT(I36))&" дн.",IF(OR(C36="Перезвонить",C36="Созвон"),"укажи дату","")),IF(INT(E36)<TODAY(),"просрочено",IF(INT(E36)=TODAY(),"сегодня",IF(INT(E36)=TODAY()+1,"завтра",TEXT(E36,"dd.mm")))))) | H36: 79283326452 | J36: =IFERROR(MATCH(C36,'Справка'!$A$12:$A$21,0),99) | K36: =HYPERLINK("https://wa.me/"&H36&"?text="&ENCODEURL(T36),"✉ Написать") | L36: =HYPERLINK("https://wa.me/"&H36,"Открыть чат") | M36: Краснодар | N36: 4.9 | O36: 11 | P36: domthermos.ru | Q36: есть сайт: сначала впиши в текст, что на нём не так | R36: 1 | S36: Краснодарский край | T36: Здравствуйте! Смотрел в 2ГИС кровельные компании в Краснодаре, зашёл на ваш сайт с телефона: [ЧТО НЕ ТАК НА САЙТЕ]. Могу за вечер собрать вариант под «DomThermos», где это исправлено, и показать. Собрать? | U36: =B36&IF(D36<>""," · "&D36,"")&IF(F36<>"",CHAR(10)&F36,"") | V36: =IF(OR(F36="просрочено",F36="сегодня",F36="укажи дату",LEFT(F36,6)="молчит"),1,0)
A37: 36 | B37: МирСтрой | C37: Очередь | F37: =IF(OR(C37="",C37="Очередь",C37="Клиент",C37="Отказ",C37="Не писать"),"",IF(E37="",IF(AND(C37="Отправлено",I37<>"",TODAY()-INT(I37)>=3),"молчит "&(TODAY()-INT(I37))&" дн.",IF(OR(C37="Перезвонить",C37="Созвон"),"укажи дату","")),IF(INT(E37)<TODAY(),"просрочено",IF(INT(E37)=TODAY(),"сегодня",IF(INT(E37)=TODAY()+1,"завтра",TEXT(E37,"dd.mm")))))) | H37: 79933208200 | J37: =IFERROR(MATCH(C37,'Справка'!$A$12:$A$21,0),99) | K37: =HYPERLINK("https://wa.me/"&H37&"?text="&ENCODEURL(T37),"✉ Написать") | L37: =HYPERLINK("https://wa.me/"&H37,"Открыть чат") | M37: Краснодар | N37: 5 | O37: 8 | P37: mirstroyrus.ru | Q37: есть сайт: сначала впиши в текст, что на нём не так | R37: 1 | S37: Краснодарский край | T37: Здравствуйте! Смотрел в 2ГИС кровельные компании в Краснодаре, зашёл на ваш сайт с телефона: [ЧТО НЕ ТАК НА САЙТЕ]. Могу за вечер собрать вариант под «МирСтрой», где это исправлено, и показать. Собрать? | U37: =B37&IF(D37<>""," · "&D37,"")&IF(F37<>"",CHAR(10)&F37,"") | V37: =IF(OR(F37="просрочено",F37="сегодня",F37="укажи дату",LEFT(F37,6)="молчит"),1,0)
A38: 37 | B38: Кубанькровля | C38: Очередь | F38: =IF(OR(C38="",C38="Очередь",C38="Клиент",C38="Отказ",C38="Не писать"),"",IF(E38="",IF(AND(C38="Отправлено",I38<>"",TODAY()-INT(I38)>=3),"молчит "&(TODAY()-INT(I38))&" дн.",IF(OR(C38="Перезвонить",C38="Созвон"),"укажи дату","")),IF(INT(E38)<TODAY(),"просрочено",IF(INT(E38)=TODAY(),"сегодня",IF(INT(E38)=TODAY()+1,"завтра",TEXT(E38,"dd.mm")))))) | H38: 79528631434 | J38: =IFERROR(MATCH(C38,'Справка'!$A$12:$A$21,0),99) | K38: =HYPERLINK("https://wa.me/"&H38&"?text="&ENCODEURL(T38),"✉ Написать") | L38: =HYPERLINK("https://wa.me/"&H38,"Открыть чат") | M38: Краснодар | N38: 5 | O38: 3 | P38: кубанькровля.рф | Q38: есть сайт: сначала впиши в текст, что на нём не так | R38: 1 | S38: Краснодарский край | T38: Здравствуйте! Смотрел в 2ГИС кровельные компании в Краснодаре, зашёл на ваш сайт с телефона: [ЧТО НЕ ТАК НА САЙТЕ]. Могу за вечер собрать вариант под «Кубанькровля», где это исправлено, и показать. Собрать? | U38: =B38&IF(D38<>""," · "&D38,"")&IF(F38<>"",CHAR(10)&F38,"") | V38: =IF(OR(F38="просрочено",F38="сегодня",F38="укажи дату",LEFT(F38,6)="молчит"),1,0)
A39: 38 | B39: Краснодарская монтажная компания | C39: Очередь | F39: =IF(OR(C39="",C39="Очередь",C39="Клиент",C39="Отказ",C39="Не писать"),"",IF(E39="",IF(AND(C39="Отправлено",I39<>"",TODAY()-INT(I39)>=3),"молчит "&(TODAY()-INT(I39))&" дн.",IF(OR(C39="Перезвонить",C39="Созвон"),"укажи дату","")),IF(INT(E39)<TODAY(),"просрочено",IF(INT(E39)=TODAY(),"сегодня",IF(INT(E39)=TODAY()+1,"завтра",TEXT(E39,"dd.mm")))))) | H39: 79180095377 | J39: =IFERROR(MATCH(C39,'Справка'!$A$12:$A$21,0),99) | K39: =HYPERLINK("https://wa.me/"&H39&"?text="&ENCODEURL(T39),"✉ Написать") | L39: =HYPERLINK("https://wa.me/"&H39,"Открыть чат") | M39: Краснодар | N39: 5 | O39: 2 | P39: кмк23.рф | Q39: есть сайт: сначала впиши в текст, что на нём не так | R39: 1 | S39: Краснодарский край | T39: Здравствуйте! Смотрел в 2ГИС кровельные компании в Краснодаре, зашёл на ваш сайт с телефона: [ЧТО НЕ ТАК НА САЙТЕ]. Могу за вечер собрать вариант под «Краснодарская монтажная компания», где это исправлено, и показать. Собрать? | U39: =B39&IF(D39<>""," · "&D39,"")&IF(F39<>"",CHAR(10)&F39,"") | V39: =IF(OR(F39="просрочено",F39="сегодня",F39="укажи дату",LEFT(F39,6)="молчит"),1,0)
A40: 39 | B40: Лучший город | C40: Очередь | F40: =IF(OR(C40="",C40="Очередь",C40="Клиент",C40="Отказ",C40="Не писать"),"",IF(E40="",IF(AND(C40="Отправлено",I40<>"",TODAY()-INT(I40)>=3),"молчит "&(TODAY()-INT(I40))&" дн.",IF(OR(C40="Перезвонить",C40="Созвон"),"укажи дату","")),IF(INT(E40)<TODAY(),"просрочено",IF(INT(E40)=TODAY(),"сегодня",IF(INT(E40)=TODAY()+1,"завтра",TEXT(E40,"dd.mm")))))) | H40: 79323212579 | J40: =IFERROR(MATCH(C40,'Справка'!$A$12:$A$21,0),99) | K40: =HYPERLINK("https://wa.me/"&H40&"?text="&ENCODEURL(T40),"✉ Написать") | L40: =HYPERLINK("https://wa.me/"&H40,"Открыть чат") | M40: Краснодар | N40: 5 | O40: 1 | P40: psklg-dom.ru | Q40: есть сайт: сначала впиши в текст, что на нём не так | R40: 1 | S40: Краснодарский край | T40: Здравствуйте! Смотрел в 2ГИС кровельные компании в Краснодаре, зашёл на ваш сайт с телефона: [ЧТО НЕ ТАК НА САЙТЕ]. Могу за вечер собрать вариант под «Лучший город», где это исправлено, и показать. Собрать? | U40: =B40&IF(D40<>""," · "&D40,"")&IF(F40<>"",CHAR(10)&F40,"") | V40: =IF(OR(F40="просрочено",F40="сегодня",F40="укажи дату",LEFT(F40,6)="молчит"),1,0)
A41: 40 | B41: Компания по кровельным работам | C41: Очередь | F41: =IF(OR(C41="",C41="Очередь",C41="Клиент",C41="Отказ",C41="Не писать"),"",IF(E41="",IF(AND(C41="Отправлено",I41<>"",TODAY()-INT(I41)>=3),"молчит "&(TODAY()-INT(I41))&" дн.",IF(OR(C41="Перезвонить",C41="Созвон"),"укажи дату","")),IF(INT(E41)<TODAY(),"просрочено",IF(INT(E41)=TODAY(),"сегодня",IF(INT(E41)=TODAY()+1,"завтра",TEXT(E41,"dd.mm")))))) | H41: 79528378003 | J41: =IFERROR(MATCH(C41,'Справка'!$A$12:$A$21,0),99) | K41: =HYPERLINK("https://wa.me/"&H41&"?text="&ENCODEURL(T41),"✉ Написать") | L41: =HYPERLINK("https://wa.me/"&H41,"Открыть чат") | M41: Краснодар | N41: 5 | O41: 1 | P41: kit-rk.ru | Q41: есть сайт: сначала впиши в текст, что на нём не так | R41: 1 | S41: Краснодарский край | T41: Здравствуйте! Смотрел в 2ГИС кровельные компании в Краснодаре, зашёл на ваш сайт с телефона: [ЧТО НЕ ТАК НА САЙТЕ]. Могу за вечер собрать вариант под «Компания по кровельным работам», где это исправлено, и показать. Собрать? | U41: =B41&IF(D41<>""," · "&D41,"")&IF(F41<>"",CHAR(10)&F41,"") | V41: =IF(OR(F41="просрочено",F41="сегодня",F41="укажи дату",LEFT(F41,6)="молчит"),1,0)
A42: 41 | B42: Я.МиС | C42: Очередь | F42: =IF(OR(C42="",C42="Очередь",C42="Клиент",C42="Отказ",C42="Не писать"),"",IF(E42="",IF(AND(C42="Отправлено",I42<>"",TODAY()-INT(I42)>=3),"молчит "&(TODAY()-INT(I42))&" дн.",IF(OR(C42="Перезвонить",C42="Созвон"),"укажи дату","")),IF(INT(E42)<TODAY(),"просрочено",IF(INT(E42)=TODAY(),"сегодня",IF(INT(E42)=TODAY()+1,"завтра",TEXT(E42,"dd.mm")))))) | H42: 79649290666 | J42: =IFERROR(MATCH(C42,'Справка'!$A$12:$A$21,0),99) | K42: =HYPERLINK("https://wa.me/"&H42&"?text="&ENCODEURL(T42),"✉ Написать") | L42: =HYPERLINK("https://wa.me/"&H42,"Открыть чат") | M42: Краснодар | P42: ямис23.рф | Q42: есть сайт: сначала впиши в текст, что на нём не так | R42: 1 | S42: Краснодарский край | T42: Здравствуйте! Смотрел в 2ГИС кровельные компании в Краснодаре, зашёл на ваш сайт с телефона: [ЧТО НЕ ТАК НА САЙТЕ]. Могу за вечер собрать вариант под «Я.МиС», где это исправлено, и показать. Собрать? | U42: =B42&IF(D42<>""," · "&D42,"")&IF(F42<>"",CHAR(10)&F42,"") | V42: =IF(OR(F42="просрочено",F42="сегодня",F42="укажи дату",LEFT(F42,6)="молчит"),1,0)
A43: 42 | B43: ВИП-Защита | C43: Очередь | F43: =IF(OR(C43="",C43="Очередь",C43="Клиент",C43="Отказ",C43="Не писать"),"",IF(E43="",IF(AND(C43="Отправлено",I43<>"",TODAY()-INT(I43)>=3),"молчит "&(TODAY()-INT(I43))&" дн.",IF(OR(C43="Перезвонить",C43="Созвон"),"укажи дату","")),IF(INT(E43)<TODAY(),"просрочено",IF(INT(E43)=TODAY(),"сегодня",IF(INT(E43)=TODAY()+1,"завтра",TEXT(E43,"dd.mm")))))) | H43: 79183669547 | J43: =IFERROR(MATCH(C43,'Справка'!$A$12:$A$21,0),99) | K43: =HYPERLINK("https://wa.me/"&H43&"?text="&ENCODEURL(T43),"✉ Написать") | L43: =HYPERLINK("https://wa.me/"&H43,"Открыть чат") | M43: Краснодар | P43: vip-zaschita.ru | Q43: есть сайт: сначала впиши в текст, что на нём не так | R43: 1 | S43: Краснодарский край | T43: Здравствуйте! Смотрел в 2ГИС кровельные компании в Краснодаре, зашёл на ваш сайт с телефона: [ЧТО НЕ ТАК НА САЙТЕ]. Могу за вечер собрать вариант под «ВИП-Защита», где это исправлено, и показать. Собрать? | U43: =B43&IF(D43<>""," · "&D43,"")&IF(F43<>"",CHAR(10)&F43,"") | V43: =IF(OR(F43="просрочено",F43="сегодня",F43="укажи дату",LEFT(F43,6)="молчит"),1,0)
A44: 43 | B44: Компания по строительству деревянных домов | C44: Очередь | F44: =IF(OR(C44="",C44="Очередь",C44="Клиент",C44="Отказ",C44="Не писать"),"",IF(E44="",IF(AND(C44="Отправлено",I44<>"",TODAY()-INT(I44)>=3),"молчит "&(TODAY()-INT(I44))&" дн.",IF(OR(C44="Перезвонить",C44="Созвон"),"укажи дату","")),IF(INT(E44)<TODAY(),"просрочено",IF(INT(E44)=TODAY(),"сегодня",IF(INT(E44)=TODAY()+1,"завтра",TEXT(E44,"dd.mm")))))) | H44: 79186264455 | J44: =IFERROR(MATCH(C44,'Справка'!$A$12:$A$21,0),99) | K44: =HYPERLINK("https://wa.me/"&H44&"?text="&ENCODEURL(T44),"✉ Написать") | L44: =HYPERLINK("https://wa.me/"&H44,"Открыть чат") | M44: Краснодар | P44: woodhome23.ru | Q44: есть сайт: сначала впиши в текст, что на нём не так | R44: 1 | S44: Краснодарский край | T44: Здравствуйте! Смотрел в 2ГИС кровельные компании в Краснодаре, зашёл на ваш сайт с телефона: [ЧТО НЕ ТАК НА САЙТЕ]. Могу за вечер собрать вариант под «Компания по строительству деревянных домов», где это исправлено, и показать. Собрать? | U44: =B44&IF(D44<>""," · "&D44,"")&IF(F44<>"",CHAR(10)&F44,"") | V44: =IF(OR(F44="просрочено",F44="сегодня",F44="укажи дату",LEFT(F44,6)="молчит"),1,0)
A45: 44 | B45: Выездная компания | C45: Очередь | F45: =IF(OR(C45="",C45="Очередь",C45="Клиент",C45="Отказ",C45="Не писать"),"",IF(E45="",IF(AND(C45="Отправлено",I45<>"",TODAY()-INT(I45)>=3),"молчит "&(TODAY()-INT(I45))&" дн.",IF(OR(C45="Перезвонить",C45="Созвон"),"укажи дату","")),IF(INT(E45)<TODAY(),"просрочено",IF(INT(E45)=TODAY(),"сегодня",IF(INT(E45)=TODAY()+1,"завтра",TEXT(E45,"dd.mm")))))) | H45: 79788551968 | J45: =IFERROR(MATCH(C45,'Справка'!$A$12:$A$21,0),99) | K45: =HYPERLINK("https://wa.me/"&H45&"?text="&ENCODEURL(T45),"✉ Написать") | L45: =HYPERLINK("https://wa.me/"&H45,"Открыть чат") | M45: Краснодар | P45: solidroof.ru | Q45: есть сайт: сначала впиши в текст, что на нём не так | R45: 1 | S45: Краснодарский край | T45: Здравствуйте! Смотрел в 2ГИС кровельные компании в Краснодаре, зашёл на ваш сайт с телефона: [ЧТО НЕ ТАК НА САЙТЕ]. Могу за вечер собрать вариант под «Выездная компания», где это исправлено, и показать. Собрать? | U45: =B45&IF(D45<>""," · "&D45,"")&IF(F45<>"",CHAR(10)&F45,"") | V45: =IF(OR(F45="просрочено",F45="сегодня",F45="укажи дату",LEFT(F45,6)="молчит"),1,0)
A46: 45 | B46: Уютный дом | C46: Очередь | F46: =IF(OR(C46="",C46="Очередь",C46="Клиент",C46="Отказ",C46="Не писать"),"",IF(E46="",IF(AND(C46="Отправлено",I46<>"",TODAY()-INT(I46)>=3),"молчит "&(TODAY()-INT(I46))&" дн.",IF(OR(C46="Перезвонить",C46="Созвон"),"укажи дату","")),IF(INT(E46)<TODAY(),"просрочено",IF(INT(E46)=TODAY(),"сегодня",IF(INT(E46)=TODAY()+1,"завтра",TEXT(E46,"dd.mm")))))) | H46: 79286614097 | J46: =IFERROR(MATCH(C46,'Справка'!$A$12:$A$21,0),99) | K46: =HYPERLINK("https://wa.me/"&H46&"?text="&ENCODEURL(T46),"✉ Написать") | L46: =HYPERLINK("https://wa.me/"&H46,"Открыть чат") | M46: Краснодар | P46: уютные-окна.рф | Q46: есть сайт: сначала впиши в текст, что на нём не так | R46: 1 | S46: Краснодарский край | T46: Здравствуйте! Смотрел в 2ГИС кровельные компании в Краснодаре, зашёл на ваш сайт с телефона: [ЧТО НЕ ТАК НА САЙТЕ]. Могу за вечер собрать вариант под «Уютный дом», где это исправлено, и показать. Собрать? | U46: =B46&IF(D46<>""," · "&D46,"")&IF(F46<>"",CHAR(10)&F46,"") | V46: =IF(OR(F46="просрочено",F46="сегодня",F46="укажи дату",LEFT(F46,6)="молчит"),1,0)
A47: 46 | B47: Продом | C47: Очередь | F47: =IF(OR(C47="",C47="Очередь",C47="Клиент",C47="Отказ",C47="Не писать"),"",IF(E47="",IF(AND(C47="Отправлено",I47<>"",TODAY()-INT(I47)>=3),"молчит "&(TODAY()-INT(I47))&" дн.",IF(OR(C47="Перезвонить",C47="Созвон"),"укажи дату","")),IF(INT(E47)<TODAY(),"просрочено",IF(INT(E47)=TODAY(),"сегодня",IF(INT(E47)=TODAY()+1,"завтра",TEXT(E47,"dd.mm")))))) | H47: 79284644133 | J47: =IFERROR(MATCH(C47,'Справка'!$A$12:$A$21,0),99) | K47: =HYPERLINK("https://wa.me/"&H47&"?text="&ENCODEURL(T47),"✉ Написать") | L47: =HYPERLINK("https://wa.me/"&H47,"Открыть чат") | M47: Краснодар | P47: rskprodom.ru | Q47: есть сайт: сначала впиши в текст, что на нём не так | R47: 1 | S47: Краснодарский край | T47: Здравствуйте! Смотрел в 2ГИС кровельные компании в Краснодаре, зашёл на ваш сайт с телефона: [ЧТО НЕ ТАК НА САЙТЕ]. Могу за вечер собрать вариант под «Продом», где это исправлено, и показать. Собрать? | U47: =B47&IF(D47<>""," · "&D47,"")&IF(F47<>"",CHAR(10)&F47,"") | V47: =IF(OR(F47="просрочено",F47="сегодня",F47="укажи дату",LEFT(F47,6)="молчит"),1,0)
A48: 47 | B48: Дом фасадов | C48: Очередь | F48: =IF(OR(C48="",C48="Очередь",C48="Клиент",C48="Отказ",C48="Не писать"),"",IF(E48="",IF(AND(C48="Отправлено",I48<>"",TODAY()-INT(I48)>=3),"молчит "&(TODAY()-INT(I48))&" дн.",IF(OR(C48="Перезвонить",C48="Созвон"),"укажи дату","")),IF(INT(E48)<TODAY(),"просрочено",IF(INT(E48)=TODAY(),"сегодня",IF(INT(E48)=TODAY()+1,"завтра",TEXT(E48,"dd.mm")))))) | H48: 79384301900 | J48: =IFERROR(MATCH(C48,'Справка'!$A$12:$A$21,0),99) | K48: =HYPERLINK("https://wa.me/"&H48&"?text="&ENCODEURL(T48),"✉ Написать") | L48: =HYPERLINK("https://wa.me/"&H48,"Открыть чат") | M48: Краснодар | P48: dom-fasadov.ru | Q48: есть сайт: сначала впиши в текст, что на нём не так | R48: 1 | S48: Краснодарский край | T48: Здравствуйте! Смотрел в 2ГИС кровельные компании в Краснодаре, зашёл на ваш сайт с телефона: [ЧТО НЕ ТАК НА САЙТЕ]. Могу за вечер собрать вариант под «Дом фасадов», где это исправлено, и показать. Собрать? | U48: =B48&IF(D48<>""," · "&D48,"")&IF(F48<>"",CHAR(10)&F48,"") | V48: =IF(OR(F48="просрочено",F48="сегодня",F48="укажи дату",LEFT(F48,6)="молчит"),1,0)
A49: 48 | B49: Кровмонтажстрой | C49: Очередь | F49: =IF(OR(C49="",C49="Очередь",C49="Клиент",C49="Отказ",C49="Не писать"),"",IF(E49="",IF(AND(C49="Отправлено",I49<>"",TODAY()-INT(I49)>=3),"молчит "&(TODAY()-INT(I49))&" дн.",IF(OR(C49="Перезвонить",C49="Созвон"),"укажи дату","")),IF(INT(E49)<TODAY(),"просрочено",IF(INT(E49)=TODAY(),"сегодня",IF(INT(E49)=TODAY()+1,"завтра",TEXT(E49,"dd.mm")))))) | H49: 79189384535 | J49: =IFERROR(MATCH(C49,'Справка'!$A$12:$A$21,0),99) | K49: =HYPERLINK("https://wa.me/"&H49&"?text="&ENCODEURL(T49),"✉ Написать") | L49: =HYPERLINK("https://wa.me/"&H49,"Открыть чат") | M49: Краснодар | P49: kms123.ru | Q49: есть сайт: сначала впиши в текст, что на нём не так | R49: 1 | S49: Краснодарский край | T49: Здравствуйте! Смотрел в 2ГИС кровельные компании в Краснодаре, зашёл на ваш сайт с телефона: [ЧТО НЕ ТАК НА САЙТЕ]. Могу за вечер собрать вариант под «Кровмонтажстрой», где это исправлено, и показать. Собрать? | U49: =B49&IF(D49<>""," · "&D49,"")&IF(F49<>"",CHAR(10)&F49,"") | V49: =IF(OR(F49="просрочено",F49="сегодня",F49="укажи дату",LEFT(F49,6)="молчит"),1,0)
A50: 49 | B50: Кристалл-трейд | C50: Очередь | F50: =IF(OR(C50="",C50="Очередь",C50="Клиент",C50="Отказ",C50="Не писать"),"",IF(E50="",IF(AND(C50="Отправлено",I50<>"",TODAY()-INT(I50)>=3),"молчит "&(TODAY()-INT(I50))&" дн.",IF(OR(C50="Перезвонить",C50="Созвон"),"укажи дату","")),IF(INT(E50)<TODAY(),"просрочено",IF(INT(E50)=TODAY(),"сегодня",IF(INT(E50)=TODAY()+1,"завтра",TEXT(E50,"dd.mm")))))) | H50: 79126625255 | J50: =IFERROR(MATCH(C50,'Справка'!$A$12:$A$21,0),99) | K50: =HYPERLINK("https://wa.me/"&H50&"?text="&ENCODEURL(T50),"✉ Написать") | L50: =HYPERLINK("https://wa.me/"&H50,"Открыть чат") | M50: Краснодар | P50: roofdefect.ru | Q50: есть сайт: сначала впиши в текст, что на нём не так | R50: 1 | S50: Краснодарский край | T50: Здравствуйте! Смотрел в 2ГИС кровельные компании в Краснодаре, зашёл на ваш сайт с телефона: [ЧТО НЕ ТАК НА САЙТЕ]. Могу за вечер собрать вариант под «Кристалл-трейд», где это исправлено, и показать. Собрать? | U50: =B50&IF(D50<>""," · "&D50,"")&IF(F50<>"",CHAR(10)&F50,"") | V50: =IF(OR(F50="просрочено",F50="сегодня",F50="укажи дату",LEFT(F50,6)="молчит"),1,0)
A51: 50 | B51: Строительные системы | C51: Очередь | F51: =IF(OR(C51="",C51="Очередь",C51="Клиент",C51="Отказ",C51="Не писать"),"",IF(E51="",IF(AND(C51="Отправлено",I51<>"",TODAY()-INT(I51)>=3),"молчит "&(TODAY()-INT(I51))&" дн.",IF(OR(C51="Перезвонить",C51="Созвон"),"укажи дату","")),IF(INT(E51)<TODAY(),"просрочено",IF(INT(E51)=TODAY(),"сегодня",IF(INT(E51)=TODAY()+1,"завтра",TEXT(E51,"dd.mm")))))) | H51: 79892919777 | J51: =IFERROR(MATCH(C51,'Справка'!$A$12:$A$21,0),99) | K51: =HYPERLINK("https://wa.me/"&H51&"?text="&ENCODEURL(T51),"✉ Написать") | L51: =HYPERLINK("https://wa.me/"&H51,"Открыть чат") | M51: Краснодар | P51: stroit-systems.ru | Q51: есть сайт: сначала впиши в текст, что на нём не так | R51: 1 | S51: Краснодарский край | T51: Здравствуйте! Смотрел в 2ГИС кровельные компании в Краснодаре, зашёл на ваш сайт с телефона: [ЧТО НЕ ТАК НА САЙТЕ]. Могу за вечер собрать вариант под «Строительные системы», где это исправлено, и показать. Собрать? | U51: =B51&IF(D51<>""," · "&D51,"")&IF(F51<>"",CHAR(10)&F51,"") | V51: =IF(OR(F51="просрочено",F51="сегодня",F51="укажи дату",LEFT(F51,6)="молчит"),1,0)
A52: 51 | B52: Правильный Выбор | C52: Очередь | F52: =IF(OR(C52="",C52="Очередь",C52="Клиент",C52="Отказ",C52="Не писать"),"",IF(E52="",IF(AND(C52="Отправлено",I52<>"",TODAY()-INT(I52)>=3),"молчит "&(TODAY()-INT(I52))&" дн.",IF(OR(C52="Перезвонить",C52="Созвон"),"укажи дату","")),IF(INT(E52)<TODAY(),"просрочено",IF(INT(E52)=TODAY(),"сегодня",IF(INT(E52)=TODAY()+1,"завтра",TEXT(E52,"dd.mm")))))) | H52: 79384001999 | J52: =IFERROR(MATCH(C52,'Справка'!$A$12:$A$21,0),99) | K52: =HYPERLINK("https://wa.me/"&H52&"?text="&ENCODEURL(T52),"✉ Написать") | L52: =HYPERLINK("https://wa.me/"&H52,"Открыть чат") | M52: Краснодар | P52: www.pravvybor23.ru | Q52: есть сайт: сначала впиши в текст, что на нём не так | R52: 1 | S52: Краснодарский край | T52: Здравствуйте! Смотрел в 2ГИС кровельные компании в Краснодаре, зашёл на ваш сайт с телефона: [ЧТО НЕ ТАК НА САЙТЕ]. Могу за вечер собрать вариант под «Правильный Выбор», где это исправлено, и показать. Собрать? | U52: =B52&IF(D52<>""," · "&D52,"")&IF(F52<>"",CHAR(10)&F52,"") | V52: =IF(OR(F52="просрочено",F52="сегодня",F52="укажи дату",LEFT(F52,6)="молчит"),1,0)
A53: 52 | B53: Альянс Про | C53: Очередь | F53: =IF(OR(C53="",C53="Очередь",C53="Клиент",C53="Отказ",C53="Не писать"),"",IF(E53="",IF(AND(C53="Отправлено",I53<>"",TODAY()-INT(I53)>=3),"молчит "&(TODAY()-INT(I53))&" дн.",IF(OR(C53="Перезвонить",C53="Созвон"),"укажи дату","")),IF(INT(E53)<TODAY(),"просрочено",IF(INT(E53)=TODAY(),"сегодня",IF(INT(E53)=TODAY()+1,"завтра",TEXT(E53,"dd.mm")))))) | H53: 79034117047 | J53: =IFERROR(MATCH(C53,'Справка'!$A$12:$A$21,0),99) | K53: =HYPERLINK("https://wa.me/"&H53&"?text="&ENCODEURL(T53),"✉ Написать") | L53: =HYPERLINK("https://wa.me/"&H53,"Открыть чат") | M53: Краснодар | P53: aprosib.ru | Q53: есть сайт: сначала впиши в текст, что на нём не так | R53: 1 | S53: Краснодарский край | T53: Здравствуйте! Смотрел в 2ГИС кровельные компании в Краснодаре, зашёл на ваш сайт с телефона: [ЧТО НЕ ТАК НА САЙТЕ]. Могу за вечер собрать вариант под «Альянс Про», где это исправлено, и показать. Собрать? | U53: =B53&IF(D53<>""," · "&D53,"")&IF(F53<>"",CHAR(10)&F53,"") | V53: =IF(OR(F53="просрочено",F53="сегодня",F53="укажи дату",LEFT(F53,6)="молчит"),1,0)
A54: 53 | B54: Монолит стандарт | C54: Очередь | F54: =IF(OR(C54="",C54="Очередь",C54="Клиент",C54="Отказ",C54="Не писать"),"",IF(E54="",IF(AND(C54="Отправлено",I54<>"",TODAY()-INT(I54)>=3),"молчит "&(TODAY()-INT(I54))&" дн.",IF(OR(C54="Перезвонить",C54="Созвон"),"укажи дату","")),IF(INT(E54)<TODAY(),"просрочено",IF(INT(E54)=TODAY(),"сегодня",IF(INT(E54)=TODAY()+1,"завтра",TEXT(E54,"dd.mm")))))) | H54: 79892315284 | J54: =IFERROR(MATCH(C54,'Справка'!$A$12:$A$21,0),99) | K54: =HYPERLINK("https://wa.me/"&H54&"?text="&ENCODEURL(T54),"✉ Написать") | L54: =HYPERLINK("https://wa.me/"&H54,"Открыть чат") | M54: пос. Южный | P54: стройуслуги23.рф | Q54: есть сайт: сначала впиши в текст, что на нём не так | R54: 1 | S54: Краснодарский край | T54: Здравствуйте! Смотрел в 2ГИС кровельные компании в посёлке Южном, зашёл на ваш сайт с телефона: [ЧТО НЕ ТАК НА САЙТЕ]. Могу за вечер собрать вариант под «Монолит стандарт», где это исправлено, и показать. Собрать? | U54: =B54&IF(D54<>""," · "&D54,"")&IF(F54<>"",CHAR(10)&F54,"") | V54: =IF(OR(F54="просрочено",F54="сегодня",F54="укажи дату",LEFT(F54,6)="молчит"),1,0)
A55: 54 | B55: Константа | C55: Очередь | F55: =IF(OR(C55="",C55="Очередь",C55="Клиент",C55="Отказ",C55="Не писать"),"",IF(E55="",IF(AND(C55="Отправлено",I55<>"",TODAY()-INT(I55)>=3),"молчит "&(TODAY()-INT(I55))&" дн.",IF(OR(C55="Перезвонить",C55="Созвон"),"укажи дату","")),IF(INT(E55)<TODAY(),"просрочено",IF(INT(E55)=TODAY(),"сегодня",IF(INT(E55)=TODAY()+1,"завтра",TEXT(E55,"dd.mm")))))) | H55: 79034127545 | J55: =IFERROR(MATCH(C55,'Справка'!$A$12:$A$21,0),99) | K55: =HYPERLINK("https://wa.me/"&H55&"?text="&ENCODEURL(T55),"✉ Написать") | L55: =HYPERLINK("https://wa.me/"&H55,"Открыть чат") | M55: Краснодар | N55: 5 | O55: 6 | P55: krasnodar.rkkb.ru | Q55: есть сайт: сначала впиши в текст, что на нём не так | R55: 1 | S55: Краснодарский край | T55: Здравствуйте! Смотрел в 2ГИС кровельные компании в Краснодаре, зашёл на ваш сайт с телефона: [ЧТО НЕ ТАК НА САЙТЕ]. Могу за вечер собрать вариант под «Константа», где это исправлено, и показать. Собрать? | U55: =B55&IF(D55<>""," · "&D55,"")&IF(F55<>"",CHAR(10)&F55,"") | V55: =IF(OR(F55="просрочено",F55="сегодня",F55="укажи дату",LEFT(F55,6)="молчит"),1,0)
A56: 55 | B56: Альпатекс | C56: Очередь | F56: =IF(OR(C56="",C56="Очередь",C56="Клиент",C56="Отказ",C56="Не писать"),"",IF(E56="",IF(AND(C56="Отправлено",I56<>"",TODAY()-INT(I56)>=3),"молчит "&(TODAY()-INT(I56))&" дн.",IF(OR(C56="Перезвонить",C56="Созвон"),"укажи дату","")),IF(INT(E56)<TODAY(),"просрочено",IF(INT(E56)=TODAY(),"сегодня",IF(INT(E56)=TODAY()+1,"завтра",TEXT(E56,"dd.mm")))))) | H56: 79233537553 | J56: =IFERROR(MATCH(C56,'Справка'!$A$12:$A$21,0),99) | K56: =HYPERLINK("https://wa.me/"&H56&"?text="&ENCODEURL(T56),"✉ Написать") | L56: =HYPERLINK("https://wa.me/"&H56,"Открыть чат") | M56: Краснодар | N56: 4.6 | O56: 11 | P56: krasnodar.alpateks.ru | Q56: есть сайт: сначала впиши в текст, что на нём не так, WhatsApp не подтверждён | R56: 1 | S56: Краснодарский край | T56: Здравствуйте! Смотрел в 2ГИС кровельные компании в Краснодаре, зашёл на ваш сайт с телефона: [ЧТО НЕ ТАК НА САЙТЕ]. Могу за вечер собрать вариант под «Альпатекс», где это исправлено, и показать. Собрать? | U56: =B56&IF(D56<>""," · "&D56,"")&IF(F56<>"",CHAR(10)&F56,"") | V56: =IF(OR(F56="просрочено",F56="сегодня",F56="укажи дату",LEFT(F56,6)="молчит"),1,0)
A57: 56 | B57: Горизонты | C57: Очередь | F57: =IF(OR(C57="",C57="Очередь",C57="Клиент",C57="Отказ",C57="Не писать"),"",IF(E57="",IF(AND(C57="Отправлено",I57<>"",TODAY()-INT(I57)>=3),"молчит "&(TODAY()-INT(I57))&" дн.",IF(OR(C57="Перезвонить",C57="Созвон"),"укажи дату","")),IF(INT(E57)<TODAY(),"просрочено",IF(INT(E57)=TODAY(),"сегодня",IF(INT(E57)=TODAY()+1,"завтра",TEXT(E57,"dd.mm")))))) | H57: 79298454508 | J57: =IFERROR(MATCH(C57,'Справка'!$A$12:$A$21,0),99) | K57: =HYPERLINK("https://wa.me/"&H57&"?text="&ENCODEURL(T57),"✉ Написать") | L57: =HYPERLINK("https://wa.me/"&H57,"Открыть чат") | M57: Краснодар | N57: 5 | O57: 1 | P57: xn--c1aicvcclu5f.xn--p1ai/ | Q57: есть сайт: сначала впиши в текст, что на нём не так, WhatsApp не подтверждён | R57: 1 | S57: Краснодарский край | T57: Здравствуйте! Смотрел в 2ГИС кровельные компании в Краснодаре, зашёл на ваш сайт с телефона: [ЧТО НЕ ТАК НА САЙТЕ]. Могу за вечер собрать вариант под «Горизонты», где это исправлено, и показать. Собрать? | U57: =B57&IF(D57<>""," · "&D57,"")&IF(F57<>"",CHAR(10)&F57,"") | V57: =IF(OR(F57="просрочено",F57="сегодня",F57="укажи дату",LEFT(F57,6)="молчит"),1,0)
A58: 57 | B58: Атм кровля | C58: Очередь | F58: =IF(OR(C58="",C58="Очередь",C58="Клиент",C58="Отказ",C58="Не писать"),"",IF(E58="",IF(AND(C58="Отправлено",I58<>"",TODAY()-INT(I58)>=3),"молчит "&(TODAY()-INT(I58))&" дн.",IF(OR(C58="Перезвонить",C58="Созвон"),"укажи дату","")),IF(INT(E58)<TODAY(),"просрочено",IF(INT(E58)=TODAY(),"сегодня",IF(INT(E58)=TODAY()+1,"завтра",TEXT(E58,"dd.mm")))))) | H58: 79951970121 | J58: =IFERROR(MATCH(C58,'Справка'!$A$12:$A$21,0),99) | K58: =HYPERLINK("https://wa.me/"&H58&"?text="&ENCODEURL(T58),"✉ Написать") | L58: =HYPERLINK("https://wa.me/"&H58,"Открыть чат") | M58: Краснодар | P58: атмкровля.рф | Q58: есть сайт: сначала впиши в текст, что на нём не так, WhatsApp не подтверждён | R58: 1 | S58: Краснодарский край | T58: Здравствуйте! Смотрел в 2ГИС кровельные компании в Краснодаре, зашёл на ваш сайт с телефона: [ЧТО НЕ ТАК НА САЙТЕ]. Могу за вечер собрать вариант под «Атм кровля», где это исправлено, и показать. Собрать? | U58: =B58&IF(D58<>""," · "&D58,"")&IF(F58<>"",CHAR(10)&F58,"") | V58: =IF(OR(F58="просрочено",F58="сегодня",F58="укажи дату",LEFT(F58,6)="молчит"),1,0)
A59: 58 | B59: СК-ЮГ | C59: Очередь | F59: =IF(OR(C59="",C59="Очередь",C59="Клиент",C59="Отказ",C59="Не писать"),"",IF(E59="",IF(AND(C59="Отправлено",I59<>"",TODAY()-INT(I59)>=3),"молчит "&(TODAY()-INT(I59))&" дн.",IF(OR(C59="Перезвонить",C59="Созвон"),"укажи дату","")),IF(INT(E59)<TODAY(),"просрочено",IF(INT(E59)=TODAY(),"сегодня",IF(INT(E59)=TODAY()+1,"завтра",TEXT(E59,"dd.mm")))))) | H59: 79180015594 | J59: =IFERROR(MATCH(C59,'Справка'!$A$12:$A$21,0),99) | K59: =HYPERLINK("https://wa.me/"&H59&"?text="&ENCODEURL(T59),"✉ Написать") | L59: =HYPERLINK("https://wa.me/"&H59,"Открыть чат") | M59: Краснодар | N59: 5 | O59: 158 | P59: sk-ug23.ru | Q59: есть сайт: сначала впиши в текст, что на нём не так | R59: 1 | S59: Краснодарский край | T59: Здравствуйте! Смотрел в 2ГИС кровельные компании в Краснодаре, зашёл на ваш сайт с телефона: [ЧТО НЕ ТАК НА САЙТЕ]. Могу за вечер собрать вариант под «СК-ЮГ», где это исправлено, и показать. Собрать? | U59: =B59&IF(D59<>""," · "&D59,"")&IF(F59<>"",CHAR(10)&F59,"") | V59: =IF(OR(F59="просрочено",F59="сегодня",F59="укажи дату",LEFT(F59,6)="молчит"),1,0)
A60: 59 | B60: Метриястрой | C60: Очередь | F60: =IF(OR(C60="",C60="Очередь",C60="Клиент",C60="Отказ",C60="Не писать"),"",IF(E60="",IF(AND(C60="Отправлено",I60<>"",TODAY()-INT(I60)>=3),"молчит "&(TODAY()-INT(I60))&" дн.",IF(OR(C60="Перезвонить",C60="Созвон"),"укажи дату","")),IF(INT(E60)<TODAY(),"просрочено",IF(INT(E60)=TODAY(),"сегодня",IF(INT(E60)=TODAY()+1,"завтра",TEXT(E60,"dd.mm")))))) | H60: 79180778282 | J60: =IFERROR(MATCH(C60,'Справка'!$A$12:$A$21,0),99) | K60: =HYPERLINK("https://wa.me/"&H60&"?text="&ENCODEURL(T60),"✉ Написать") | L60: =HYPERLINK("https://wa.me/"&H60,"Открыть чат") | M60: Краснодар | N60: 5 | O60: 46 | P60: метриястрой.рф | Q60: есть сайт: сначала впиши в текст, что на нём не так | R60: 1 | S60: Краснодарский край | T60: Здравствуйте! Смотрел в 2ГИС кровельные компании в Краснодаре, зашёл на ваш сайт с телефона: [ЧТО НЕ ТАК НА САЙТЕ]. Могу за вечер собрать вариант под «Метриястрой», где это исправлено, и показать. Собрать? | U60: =B60&IF(D60<>""," · "&D60,"")&IF(F60<>"",CHAR(10)&F60,"") | V60: =IF(OR(F60="просрочено",F60="сегодня",F60="укажи дату",LEFT(F60,6)="молчит"),1,0)
A61: 60 | B61: СтройСитиГруп | C61: Очередь | F61: =IF(OR(C61="",C61="Очередь",C61="Клиент",C61="Отказ",C61="Не писать"),"",IF(E61="",IF(AND(C61="Отправлено",I61<>"",TODAY()-INT(I61)>=3),"молчит "&(TODAY()-INT(I61))&" дн.",IF(OR(C61="Перезвонить",C61="Созвон"),"укажи дату","")),IF(INT(E61)<TODAY(),"просрочено",IF(INT(E61)=TODAY(),"сегодня",IF(INT(E61)=TODAY()+1,"завтра",TEXT(E61,"dd.mm")))))) | H61: 79951821079 | J61: =IFERROR(MATCH(C61,'Справка'!$A$12:$A$21,0),99) | K61: =HYPERLINK("https://wa.me/"&H61&"?text="&ENCODEURL(T61),"✉ Написать") | L61: =HYPERLINK("https://wa.me/"&H61,"Открыть чат") | M61: Краснодар | N61: 4.6 | O61: 38 | P61: remont-scg23.ru/remont-kvartir | Q61: есть сайт: сначала впиши в текст, что на нём не так | R61: 1 | S61: Краснодарский край | T61: Здравствуйте! Смотрел в 2ГИС кровельные компании в Краснодаре, зашёл на ваш сайт с телефона: [ЧТО НЕ ТАК НА САЙТЕ]. Могу за вечер собрать вариант под «СтройСитиГруп», где это исправлено, и показать. Собрать? | U61: =B61&IF(D61<>""," · "&D61,"")&IF(F61<>"",CHAR(10)&F61,"") | V61: =IF(OR(F61="просрочено",F61="сегодня",F61="укажи дату",LEFT(F61,6)="молчит"),1,0)
A62: 61 | B62: Лесобаза N1 | C62: Очередь | F62: =IF(OR(C62="",C62="Очередь",C62="Клиент",C62="Отказ",C62="Не писать"),"",IF(E62="",IF(AND(C62="Отправлено",I62<>"",TODAY()-INT(I62)>=3),"молчит "&(TODAY()-INT(I62))&" дн.",IF(OR(C62="Перезвонить",C62="Созвон"),"укажи дату","")),IF(INT(E62)<TODAY(),"просрочено",IF(INT(E62)=TODAY(),"сегодня",IF(INT(E62)=TODAY()+1,"завтра",TEXT(E62,"dd.mm")))))) | H62: 79055262221 | J62: =IFERROR(MATCH(C62,'Справка'!$A$12:$A$21,0),99) | K62: =HYPERLINK("https://wa.me/"&H62&"?text="&ENCODEURL(T62),"✉ Написать") | L62: =HYPERLINK("https://wa.me/"&H62,"Открыть чат") | M62: аул Козет | N62: 5 | O62: 1 | Q62: без сайта, похоже на магазин | R62: 1 | S62: Краснодарский край | T62: Здравствуйте! Искал в 2ГИС кровельные компании в Козете и наткнулся на вас. Сайта в карточке не увидел. Могу за вечер собрать для «Лесобаза N1» сайт и показать. Платить не нужно, пока не понравится. Собрать? | U62: =B62&IF(D62<>""," · "&D62,"")&IF(F62<>"",CHAR(10)&F62,"") | V62: =IF(OR(F62="просрочено",F62="сегодня",F62="укажи дату",LEFT(F62,6)="молчит"),1,0)
A63: 62 | B63: Тайфун Краснодар | C63: Очередь | F63: =IF(OR(C63="",C63="Очередь",C63="Клиент",C63="Отказ",C63="Не писать"),"",IF(E63="",IF(AND(C63="Отправлено",I63<>"",TODAY()-INT(I63)>=3),"молчит "&(TODAY()-INT(I63))&" дн.",IF(OR(C63="Перезвонить",C63="Созвон"),"укажи дату","")),IF(INT(E63)<TODAY(),"просрочено",IF(INT(E63)=TODAY(),"сегодня",IF(INT(E63)=TODAY()+1,"завтра",TEXT(E63,"dd.mm")))))) | H63: 79528247982 | J63: =IFERROR(MATCH(C63,'Справка'!$A$12:$A$21,0),99) | K63: =HYPERLINK("https://wa.me/"&H63&"?text="&ENCODEURL(T63),"✉ Написать") | L63: =HYPERLINK("https://wa.me/"&H63,"Открыть чат") | M63: Краснодар | N63: 5 | O63: 1 | Q63: без сайта, похоже на магазин | R63: 1 | S63: Краснодарский край | T63: Здравствуйте! Смотрел в 2ГИС, кто делает кровлю в Краснодаре, и нашёл «Тайфун Краснодар». Сайта в карточке нет. Готов за вечер собрать сайт для «Тайфун Краснодар» и показать вам. Денег вперёд не беру. Собрать? | U63: =B63&IF(D63<>""," · "&D63,"")&IF(F63<>"",CHAR(10)&F63,"") | V63: =IF(OR(F63="просрочено",F63="сегодня",F63="укажи дату",LEFT(F63,6)="молчит"),1,0)
A64: 63 | B64: Кровля плюс | C64: Очередь | F64: =IF(OR(C64="",C64="Очередь",C64="Клиент",C64="Отказ",C64="Не писать"),"",IF(E64="",IF(AND(C64="Отправлено",I64<>"",TODAY()-INT(I64)>=3),"молчит "&(TODAY()-INT(I64))&" дн.",IF(OR(C64="Перезвонить",C64="Созвон"),"укажи дату","")),IF(INT(E64)<TODAY(),"просрочено",IF(INT(E64)=TODAY(),"сегодня",IF(INT(E64)=TODAY()+1,"завтра",TEXT(E64,"dd.mm")))))) | H64: 79189781838 | J64: =IFERROR(MATCH(C64,'Справка'!$A$12:$A$21,0),99) | K64: =HYPERLINK("https://wa.me/"&H64&"?text="&ENCODEURL(T64),"✉ Написать") | L64: =HYPERLINK("https://wa.me/"&H64,"Открыть чат") | M64: ст-ца Динская | Q64: без сайта, похоже на магазин | R64: 1 | S64: Краснодарский край | T64: Здравствуйте! Нашёл вас в 2ГИС среди кровельных компаний в Динской, а сайта в карточке не нашёл. Могу собрать сайт под «Кровля плюс» за вечер и показать. Не понравится — ничего не должны. Сделать? | U64: =B64&IF(D64<>""," · "&D64,"")&IF(F64<>"",CHAR(10)&F64,"") | V64: =IF(OR(F64="просрочено",F64="сегодня",F64="укажи дату",LEFT(F64,6)="молчит"),1,0)
A65: 64 | B65: Мир кровли | C65: Очередь | F65: =IF(OR(C65="",C65="Очередь",C65="Клиент",C65="Отказ",C65="Не писать"),"",IF(E65="",IF(AND(C65="Отправлено",I65<>"",TODAY()-INT(I65)>=3),"молчит "&(TODAY()-INT(I65))&" дн.",IF(OR(C65="Перезвонить",C65="Созвон"),"укажи дату","")),IF(INT(E65)<TODAY(),"просрочено",IF(INT(E65)=TODAY(),"сегодня",IF(INT(E65)=TODAY()+1,"завтра",TEXT(E65,"dd.mm")))))) | H65: 79604951262 | J65: =IFERROR(MATCH(C65,'Справка'!$A$12:$A$21,0),99) | K65: =HYPERLINK("https://wa.me/"&H65&"?text="&ENCODEURL(T65),"✉ Написать") | L65: =HYPERLINK("https://wa.me/"&H65,"Открыть чат") | M65: ст-ца Динская | N65: 1.7 | O65: 6 | Q65: без сайта, WhatsApp не подтверждён, похоже на магазин | R65: 1 | S65: Краснодарский край | T65: Здравствуйте! Искал в 2ГИС кровельные компании в Динской и наткнулся на вас. Сайта в карточке не увидел. Могу за вечер собрать для «Мир кровли» сайт и показать. Платить не нужно, пока не понравится. Собрать? | U65: =B65&IF(D65<>""," · "&D65,"")&IF(F65<>"",CHAR(10)&F65,"") | V65: =IF(OR(F65="просрочено",F65="сегодня",F65="укажи дату",LEFT(F65,6)="молчит"),1,0)
A66: 65 | B66: Термедэкс | C66: Очередь | F66: =IF(OR(C66="",C66="Очередь",C66="Клиент",C66="Отказ",C66="Не писать"),"",IF(E66="",IF(AND(C66="Отправлено",I66<>"",TODAY()-INT(I66)>=3),"молчит "&(TODAY()-INT(I66))&" дн.",IF(OR(C66="Перезвонить",C66="Созвон"),"укажи дату","")),IF(INT(E66)<TODAY(),"просрочено",IF(INT(E66)=TODAY(),"сегодня",IF(INT(E66)=TODAY()+1,"завтра",TEXT(E66,"dd.mm")))))) | H66: 79180285011 | J66: =IFERROR(MATCH(C66,'Справка'!$A$12:$A$21,0),99) | K66: =HYPERLINK("https://wa.me/"&H66&"?text="&ENCODEURL(T66),"✉ Написать") | L66: =HYPERLINK("https://wa.me/"&H66,"Открыть чат") | M66: Краснодар | Q66: без сайта, WhatsApp не подтверждён, похоже на магазин | R66: 1 | S66: Краснодарский край | T66: Здравствуйте! Смотрел в 2ГИС, кто делает кровлю в Краснодаре, и нашёл «Термедэкс». Сайта в карточке нет. Готов за вечер собрать сайт для «Термедэкс» и показать вам. Денег вперёд не беру. Собрать? | U66: =B66&IF(D66<>""," · "&D66,"")&IF(F66<>"",CHAR(10)&F66,"") | V66: =IF(OR(F66="просрочено",F66="сегодня",F66="укажи дату",LEFT(F66,6)="молчит"),1,0)
A67: 66 | B67: Сибирские фасады | C67: Очередь | F67: =IF(OR(C67="",C67="Очередь",C67="Клиент",C67="Отказ",C67="Не писать"),"",IF(E67="",IF(AND(C67="Отправлено",I67<>"",TODAY()-INT(I67)>=3),"молчит "&(TODAY()-INT(I67))&" дн.",IF(OR(C67="Перезвонить",C67="Созвон"),"укажи дату","")),IF(INT(E67)<TODAY(),"просрочено",IF(INT(E67)=TODAY(),"сегодня",IF(INT(E67)=TODAY()+1,"завтра",TEXT(E67,"dd.mm")))))) | H67: 79282837278 | J67: =IFERROR(MATCH(C67,'Справка'!$A$12:$A$21,0),99) | K67: =HYPERLINK("https://wa.me/"&H67&"?text="&ENCODEURL(T67),"✉ Написать") | L67: =HYPERLINK("https://wa.me/"&H67,"Открыть чат") | M67: Краснодар | N67: 5 | O67: 3 | P67: sibir-fasad.ru | Q67: есть сайт: сначала впиши в текст, что на нём не так, похоже на магазин | R67: 1 | S67: Краснодарский край | T67: Здравствуйте! Смотрел в 2ГИС кровельные компании в Краснодаре, зашёл на ваш сайт с телефона: [ЧТО НЕ ТАК НА САЙТЕ]. Могу за вечер собрать вариант под «Сибирские фасады», где это исправлено, и показать. Собрать? | U67: =B67&IF(D67<>""," · "&D67,"")&IF(F67<>"",CHAR(10)&F67,"") | V67: =IF(OR(F67="просрочено",F67="сегодня",F67="укажи дату",LEFT(F67,6)="молчит"),1,0)
A68: 67 | B68: Стройкомплект | C68: Очередь | F68: =IF(OR(C68="",C68="Очередь",C68="Клиент",C68="Отказ",C68="Не писать"),"",IF(E68="",IF(AND(C68="Отправлено",I68<>"",TODAY()-INT(I68)>=3),"молчит "&(TODAY()-INT(I68))&" дн.",IF(OR(C68="Перезвонить",C68="Созвон"),"укажи дату","")),IF(INT(E68)<TODAY(),"просрочено",IF(INT(E68)=TODAY(),"сегодня",IF(INT(E68)=TODAY()+1,"завтра",TEXT(E68,"dd.mm")))))) | H68: 79094586888 | J68: =IFERROR(MATCH(C68,'Справка'!$A$12:$A$21,0),99) | K68: =HYPERLINK("https://wa.me/"&H68&"?text="&ENCODEURL(T68),"✉ Написать") | L68: =HYPERLINK("https://wa.me/"&H68,"Открыть чат") | M68: Краснодар | N68: 5 | O68: 3 | P68: strd.ru | Q68: есть сайт: сначала впиши в текст, что на нём не так, похоже на магазин | R68: 1 | S68: Краснодарский край | T68: Здравствуйте! Смотрел в 2ГИС кровельные компании в Краснодаре, зашёл на ваш сайт с телефона: [ЧТО НЕ ТАК НА САЙТЕ]. Могу за вечер собрать вариант под «Стройкомплект», где это исправлено, и показать. Собрать? | U68: =B68&IF(D68<>""," · "&D68,"")&IF(F68<>"",CHAR(10)&F68,"") | V68: =IF(OR(F68="просрочено",F68="сегодня",F68="укажи дату",LEFT(F68,6)="молчит"),1,0)
A69: 68 | B69: Металл Нк | C69: Очередь | F69: =IF(OR(C69="",C69="Очередь",C69="Клиент",C69="Отказ",C69="Не писать"),"",IF(E69="",IF(AND(C69="Отправлено",I69<>"",TODAY()-INT(I69)>=3),"молчит "&(TODAY()-INT(I69))&" дн.",IF(OR(C69="Перезвонить",C69="Созвон"),"укажи дату","")),IF(INT(E69)<TODAY(),"просрочено",IF(INT(E69)=TODAY(),"сегодня",IF(INT(E69)=TODAY()+1,"завтра",TEXT(E69,"dd.mm")))))) | H69: 79183153338 | J69: =IFERROR(MATCH(C69,'Справка'!$A$12:$A$21,0),99) | K69: =HYPERLINK("https://wa.me/"&H69&"?text="&ENCODEURL(T69),"✉ Написать") | L69: =HYPERLINK("https://wa.me/"&H69,"Открыть чат") | M69: Краснодар | N69: 5 | O69: 2 | P69: profnastil-krd.ru | Q69: есть сайт: сначала впиши в текст, что на нём не так, похоже на магазин | R69: 1 | S69: Краснодарский край | T69: Здравствуйте! Смотрел в 2ГИС кровельные компании в Краснодаре, зашёл на ваш сайт с телефона: [ЧТО НЕ ТАК НА САЙТЕ]. Могу за вечер собрать вариант под «Металл Нк», где это исправлено, и показать. Собрать? | U69: =B69&IF(D69<>""," · "&D69,"")&IF(F69<>"",CHAR(10)&F69,"") | V69: =IF(OR(F69="просрочено",F69="сегодня",F69="укажи дату",LEFT(F69,6)="молчит"),1,0)
A70: 69 | B70: Торгово-монтажная фирма | C70: Очередь | F70: =IF(OR(C70="",C70="Очередь",C70="Клиент",C70="Отказ",C70="Не писать"),"",IF(E70="",IF(AND(C70="Отправлено",I70<>"",TODAY()-INT(I70)>=3),"молчит "&(TODAY()-INT(I70))&" дн.",IF(OR(C70="Перезвонить",C70="Созвон"),"укажи дату","")),IF(INT(E70)<TODAY(),"просрочено",IF(INT(E70)=TODAY(),"сегодня",IF(INT(E70)=TODAY()+1,"завтра",TEXT(E70,"dd.mm")))))) | H70: 79288843355 | J70: =IFERROR(MATCH(C70,'Справка'!$A$12:$A$21,0),99) | K70: =HYPERLINK("https://wa.me/"&H70&"?text="&ENCODEURL(T70),"✉ Написать") | L70: =HYPERLINK("https://wa.me/"&H70,"Открыть чат") | M70: Краснодар | P70: krovelnaya-masterskaya.pulscen.ru | Q70: есть сайт: сначала впиши в текст, что на нём не так, похоже на магазин | R70: 1 | S70: Краснодарский край | T70: Здравствуйте! Смотрел в 2ГИС кровельные компании в Краснодаре, зашёл на ваш сайт с телефона: [ЧТО НЕ ТАК НА САЙТЕ]. Могу за вечер собрать вариант под «Торгово-монтажная фирма», где это исправлено, и показать. Собрать? | U70: =B70&IF(D70<>""," · "&D70,"")&IF(F70<>"",CHAR(10)&F70,"") | V70: =IF(OR(F70="просрочено",F70="сегодня",F70="укажи дату",LEFT(F70,6)="молчит"),1,0)
A71: 70 | B71: Торговый дом кровли | C71: Очередь | F71: =IF(OR(C71="",C71="Очередь",C71="Клиент",C71="Отказ",C71="Не писать"),"",IF(E71="",IF(AND(C71="Отправлено",I71<>"",TODAY()-INT(I71)>=3),"молчит "&(TODAY()-INT(I71))&" дн.",IF(OR(C71="Перезвонить",C71="Созвон"),"укажи дату","")),IF(INT(E71)<TODAY(),"просрочено",IF(INT(E71)=TODAY(),"сегодня",IF(INT(E71)=TODAY()+1,"завтра",TEXT(E71,"dd.mm")))))) | H71: 79186999771 | J71: =IFERROR(MATCH(C71,'Справка'!$A$12:$A$21,0),99) | K71: =HYPERLINK("https://wa.me/"&H71&"?text="&ENCODEURL(T71),"✉ Написать") | L71: =HYPERLINK("https://wa.me/"&H71,"Открыть чат") | M71: Краснодар | P71: krovlyakrasnodar.ru | Q71: есть сайт: сначала впиши в текст, что на нём не так, похоже на магазин | R71: 1 | S71: Краснодарский край | T71: Здравствуйте! Смотрел в 2ГИС кровельные компании в Краснодаре, зашёл на ваш сайт с телефона: [ЧТО НЕ ТАК НА САЙТЕ]. Могу за вечер собрать вариант под «Торговый дом кровли», где это исправлено, и показать. Собрать? | U71: =B71&IF(D71<>""," · "&D71,"")&IF(F71<>"",CHAR(10)&F71,"") | V71: =IF(OR(F71="просрочено",F71="сегодня",F71="укажи дату",LEFT(F71,6)="молчит"),1,0)
A72: 71 | B72: Огнебиозащита | C72: Очередь | F72: =IF(OR(C72="",C72="Очередь",C72="Клиент",C72="Отказ",C72="Не писать"),"",IF(E72="",IF(AND(C72="Отправлено",I72<>"",TODAY()-INT(I72)>=3),"молчит "&(TODAY()-INT(I72))&" дн.",IF(OR(C72="Перезвонить",C72="Созвон"),"укажи дату","")),IF(INT(E72)<TODAY(),"просрочено",IF(INT(E72)=TODAY(),"сегодня",IF(INT(E72)=TODAY()+1,"завтра",TEXT(E72,"dd.mm")))))) | H72: 79039556599 | J72: =IFERROR(MATCH(C72,'Справка'!$A$12:$A$21,0),99) | K72: =HYPERLINK("https://wa.me/"&H72&"?text="&ENCODEURL(T72),"✉ Написать") | L72: =HYPERLINK("https://wa.me/"&H72,"Открыть чат") | M72: Краснодар | N72: 5 | O72: 1 | P72: ognebiozashhita.ru | Q72: есть сайт: сначала впиши в текст, что на нём не так, похоже на магазин | R72: 1 | S72: Краснодарский край | T72: Здравствуйте! Смотрел в 2ГИС кровельные компании в Краснодаре, зашёл на ваш сайт с телефона: [ЧТО НЕ ТАК НА САЙТЕ]. Могу за вечер собрать вариант под «Огнебиозащита», где это исправлено, и показать. Собрать? | U72: =B72&IF(D72<>""," · "&D72,"")&IF(F72<>"",CHAR(10)&F72,"") | V72: =IF(OR(F72="просрочено",F72="сегодня",F72="укажи дату",LEFT(F72,6)="молчит"),1,0)
A73: 72 | B73: Карат-Плюс | C73: Очередь | F73: =IF(OR(C73="",C73="Очередь",C73="Клиент",C73="Отказ",C73="Не писать"),"",IF(E73="",IF(AND(C73="Отправлено",I73<>"",TODAY()-INT(I73)>=3),"молчит "&(TODAY()-INT(I73))&" дн.",IF(OR(C73="Перезвонить",C73="Созвон"),"укажи дату","")),IF(INT(E73)<TODAY(),"просрочено",IF(INT(E73)=TODAY(),"сегодня",IF(INT(E73)=TODAY()+1,"завтра",TEXT(E73,"dd.mm")))))) | H73: 79189555277 | J73: =IFERROR(MATCH(C73,'Справка'!$A$12:$A$21,0),99) | K73: =HYPERLINK("https://wa.me/"&H73&"?text="&ENCODEURL(T73),"✉ Написать") | L73: =HYPERLINK("https://wa.me/"&H73,"Открыть чат") | M73: Краснодар | N73: 5 | O73: 56 | P73: karat-p.ru | Q73: есть сайт: сначала впиши в текст, что на нём не так, похоже на магазин | R73: 1 | S73: Краснодарский край | T73: Здравствуйте! Смотрел в 2ГИС кровельные компании в Краснодаре, зашёл на ваш сайт с телефона: [ЧТО НЕ ТАК НА САЙТЕ]. Могу за вечер собрать вариант под «Карат-Плюс», где это исправлено, и показать. Собрать? | U73: =B73&IF(D73<>""," · "&D73,"")&IF(F73<>"",CHAR(10)&F73,"") | V73: =IF(OR(F73="просрочено",F73="сегодня",F73="укажи дату",LEFT(F73,6)="молчит"),1,0)
A74: 73 | B74: Крышовица | C74: Очередь | F74: =IF(OR(C74="",C74="Очередь",C74="Клиент",C74="Отказ",C74="Не писать"),"",IF(E74="",IF(AND(C74="Отправлено",I74<>"",TODAY()-INT(I74)>=3),"молчит "&(TODAY()-INT(I74))&" дн.",IF(OR(C74="Перезвонить",C74="Созвон"),"укажи дату","")),IF(INT(E74)<TODAY(),"просрочено",IF(INT(E74)=TODAY(),"сегодня",IF(INT(E74)=TODAY()+1,"завтра",TEXT(E74,"dd.mm")))))) | H74: 79184623338 | J74: =IFERROR(MATCH(C74,'Справка'!$A$12:$A$21,0),99) | K74: =HYPERLINK("https://wa.me/"&H74&"?text="&ENCODEURL(T74),"✉ Написать") | L74: =HYPERLINK("https://wa.me/"&H74,"Открыть чат") | M74: Краснодар | N74: 5 | O74: 56 | P74: krysha-krasnodar.ru | Q74: есть сайт: сначала впиши в текст, что на нём не так, похоже на магазин | R74: 1 | S74: Краснодарский край | T74: Здравствуйте! Смотрел в 2ГИС кровельные компании в Краснодаре, зашёл на ваш сайт с телефона: [ЧТО НЕ ТАК НА САЙТЕ]. Могу за вечер собрать вариант под «Крышовица», где это исправлено, и показать. Собрать? | U74: =B74&IF(D74<>""," · "&D74,"")&IF(F74<>"",CHAR(10)&F74,"") | V74: =IF(OR(F74="просрочено",F74="сегодня",F74="укажи дату",LEFT(F74,6)="молчит"),1,0)
A75: 74 | B75: Аира | C75: Очередь | F75: =IF(OR(C75="",C75="Очередь",C75="Клиент",C75="Отказ",C75="Не писать"),"",IF(E75="",IF(AND(C75="Отправлено",I75<>"",TODAY()-INT(I75)>=3),"молчит "&(TODAY()-INT(I75))&" дн.",IF(OR(C75="Перезвонить",C75="Созвон"),"укажи дату","")),IF(INT(E75)<TODAY(),"просрочено",IF(INT(E75)=TODAY(),"сегодня",IF(INT(E75)=TODAY()+1,"завтра",TEXT(E75,"dd.mm")))))) | H75: 79183933233 | J75: =IFERROR(MATCH(C75,'Справка'!$A$12:$A$21,0),99) | K75: =HYPERLINK("https://wa.me/"&H75&"?text="&ENCODEURL(T75),"✉ Написать") | L75: =HYPERLINK("https://wa.me/"&H75,"Открыть чат") | M75: Краснодар | N75: 4.9 | O75: 53 | P75: aira23.ru | Q75: есть сайт: сначала впиши в текст, что на нём не так, похоже на магазин | R75: 1 | S75: Краснодарский край | T75: Здравствуйте! Смотрел в 2ГИС кровельные компании в Краснодаре, зашёл на ваш сайт с телефона: [ЧТО НЕ ТАК НА САЙТЕ]. Могу за вечер собрать вариант под «Аира», где это исправлено, и показать. Собрать? | U75: =B75&IF(D75<>""," · "&D75,"")&IF(F75<>"",CHAR(10)&F75,"") | V75: =IF(OR(F75="просрочено",F75="сегодня",F75="укажи дату",LEFT(F75,6)="молчит"),1,0)
A76: 75 | B76: Domus | C76: Очередь | F76: =IF(OR(C76="",C76="Очередь",C76="Клиент",C76="Отказ",C76="Не писать"),"",IF(E76="",IF(AND(C76="Отправлено",I76<>"",TODAY()-INT(I76)>=3),"молчит "&(TODAY()-INT(I76))&" дн.",IF(OR(C76="Перезвонить",C76="Созвон"),"укажи дату","")),IF(INT(E76)<TODAY(),"просрочено",IF(INT(E76)=TODAY(),"сегодня",IF(INT(E76)=TODAY()+1,"завтра",TEXT(E76,"dd.mm")))))) | H76: 79180154111 | J76: =IFERROR(MATCH(C76,'Справка'!$A$12:$A$21,0),99) | K76: =HYPERLINK("https://wa.me/"&H76&"?text="&ENCODEURL(T76),"✉ Написать") | L76: =HYPERLINK("https://wa.me/"&H76,"Открыть чат") | M76: Краснодар | N76: 5 | O76: 48 | P76: sochi.m-300.ru | Q76: есть сайт: сначала впиши в текст, что на нём не так, похоже на магазин | R76: 1 | S76: Краснодарский край | T76: Здравствуйте! Смотрел в 2ГИС кровельные компании в Краснодаре, зашёл на ваш сайт с телефона: [ЧТО НЕ ТАК НА САЙТЕ]. Могу за вечер собрать вариант под «Domus», где это исправлено, и показать. Собрать? | U76: =B76&IF(D76<>""," · "&D76,"")&IF(F76<>"",CHAR(10)&F76,"") | V76: =IF(OR(F76="просрочено",F76="сегодня",F76="укажи дату",LEFT(F76,6)="молчит"),1,0)
A77: 76 | B77: Юг | C77: Очередь | F77: =IF(OR(C77="",C77="Очередь",C77="Клиент",C77="Отказ",C77="Не писать"),"",IF(E77="",IF(AND(C77="Отправлено",I77<>"",TODAY()-INT(I77)>=3),"молчит "&(TODAY()-INT(I77))&" дн.",IF(OR(C77="Перезвонить",C77="Созвон"),"укажи дату","")),IF(INT(E77)<TODAY(),"просрочено",IF(INT(E77)=TODAY(),"сегодня",IF(INT(E77)=TODAY()+1,"завтра",TEXT(E77,"dd.mm")))))) | H77: 79180744407 | J77: =IFERROR(MATCH(C77,'Справка'!$A$12:$A$21,0),99) | K77: =HYPERLINK("https://wa.me/"&H77&"?text="&ENCODEURL(T77),"✉ Написать") | L77: =HYPERLINK("https://wa.me/"&H77,"Открыть чат") | M77: Анапа | N77: 5 | O77: 6 | Q77: без сайта | R77: 1 | S77: Краснодарский край | T77: Здравствуйте! Искал в 2ГИС кровельные компании в Анапе и наткнулся на вас: отзывы хорошие, а сайта нет. Могу за вечер собрать для «Юг» сайт и показать. Платить не нужно, пока не понравится. Собрать? | U77: =B77&IF(D77<>""," · "&D77,"")&IF(F77<>"",CHAR(10)&F77,"") | V77: =IF(OR(F77="просрочено",F77="сегодня",F77="укажи дату",LEFT(F77,6)="молчит"),1,0)
A78: 77 | B78: Фасадный лидер | C78: Очередь | F78: =IF(OR(C78="",C78="Очередь",C78="Клиент",C78="Отказ",C78="Не писать"),"",IF(E78="",IF(AND(C78="Отправлено",I78<>"",TODAY()-INT(I78)>=3),"молчит "&(TODAY()-INT(I78))&" дн.",IF(OR(C78="Перезвонить",C78="Созвон"),"укажи дату","")),IF(INT(E78)<TODAY(),"просрочено",IF(INT(E78)=TODAY(),"сегодня",IF(INT(E78)=TODAY()+1,"завтра",TEXT(E78,"dd.mm")))))) | H78: 79183402658 | J78: =IFERROR(MATCH(C78,'Справка'!$A$12:$A$21,0),99) | K78: =HYPERLINK("https://wa.me/"&H78&"?text="&ENCODEURL(T78),"✉ Написать") | L78: =HYPERLINK("https://wa.me/"&H78,"Открыть чат") | M78: Новороссийск | N78: 5 | O78: 3 | Q78: без сайта | R78: 1 | S78: Краснодарский край | T78: Здравствуйте! Смотрел в 2ГИС, кто делает кровлю в Новороссийске. У «Фасадный лидер» хорошие отзывы, но сайта в карточке я не нашёл. Готов за вечер собрать сайт для «Фасадный лидер» и показать вам. Денег вперёд не беру. Собрать? | U78: =B78&IF(D78<>""," · "&D78,"")&IF(F78<>"",CHAR(10)&F78,"") | V78: =IF(OR(F78="просрочено",F78="сегодня",F78="укажи дату",LEFT(F78,6)="молчит"),1,0)
A79: 78 | B79: Строй М | C79: Очередь | F79: =IF(OR(C79="",C79="Очередь",C79="Клиент",C79="Отказ",C79="Не писать"),"",IF(E79="",IF(AND(C79="Отправлено",I79<>"",TODAY()-INT(I79)>=3),"молчит "&(TODAY()-INT(I79))&" дн.",IF(OR(C79="Перезвонить",C79="Созвон"),"укажи дату","")),IF(INT(E79)<TODAY(),"просрочено",IF(INT(E79)=TODAY(),"сегодня",IF(INT(E79)=TODAY()+1,"завтра",TEXT(E79,"dd.mm")))))) | H79: 79181570944 | J79: =IFERROR(MATCH(C79,'Справка'!$A$12:$A$21,0),99) | K79: =HYPERLINK("https://wa.me/"&H79&"?text="&ENCODEURL(T79),"✉ Написать") | L79: =HYPERLINK("https://wa.me/"&H79,"Открыть чат") | M79: ст-ца Раевская | N79: 5 | O79: 2 | Q79: без сайта | R79: 1 | S79: Краснодарский край | T79: Здравствуйте! Нашёл вас в 2ГИС среди кровельных компаний в Раевской, а сайта в карточке не нашёл. Могу собрать сайт под «Строй М» за вечер и показать. Не понравится — ничего не должны. Сделать? | U79: =B79&IF(D79<>""," · "&D79,"")&IF(F79<>"",CHAR(10)&F79,"") | V79: =IF(OR(F79="просрочено",F79="сегодня",F79="укажи дату",LEFT(F79,6)="молчит"),1,0)
A80: 79 | B80: Рем-Стройка | C80: Очередь | F80: =IF(OR(C80="",C80="Очередь",C80="Клиент",C80="Отказ",C80="Не писать"),"",IF(E80="",IF(AND(C80="Отправлено",I80<>"",TODAY()-INT(I80)>=3),"молчит "&(TODAY()-INT(I80))&" дн.",IF(OR(C80="Перезвонить",C80="Созвон"),"укажи дату","")),IF(INT(E80)<TODAY(),"просрочено",IF(INT(E80)=TODAY(),"сегодня",IF(INT(E80)=TODAY()+1,"завтра",TEXT(E80,"dd.mm")))))) | H80: 79284153261 | J80: =IFERROR(MATCH(C80,'Справка'!$A$12:$A$21,0),99) | K80: =HYPERLINK("https://wa.me/"&H80&"?text="&ENCODEURL(T80),"✉ Написать") | L80: =HYPERLINK("https://wa.me/"&H80,"Открыть чат") | M80: Геленджик | N80: 5 | O80: 1 | Q80: без сайта | R80: 1 | S80: Краснодарский край | T80: Здравствуйте! Искал в 2ГИС кровельные компании в Геленджике и наткнулся на вас. Сайта в карточке не увидел. Могу за вечер собрать для «Рем-Стройка» сайт и показать. Платить не нужно, пока не понравится. Собрать? | U80: =B80&IF(D80<>""," · "&D80,"")&IF(F80<>"",CHAR(10)&F80,"") | V80: =IF(OR(F80="просрочено",F80="сегодня",F80="укажи дату",LEFT(F80,6)="молчит"),1,0)
A81: 80 | B81: Загородный дом | C81: Очередь | F81: =IF(OR(C81="",C81="Очередь",C81="Клиент",C81="Отказ",C81="Не писать"),"",IF(E81="",IF(AND(C81="Отправлено",I81<>"",TODAY()-INT(I81)>=3),"молчит "&(TODAY()-INT(I81))&" дн.",IF(OR(C81="Перезвонить",C81="Созвон"),"укажи дату","")),IF(INT(E81)<TODAY(),"просрочено",IF(INT(E81)=TODAY(),"сегодня",IF(INT(E81)=TODAY()+1,"завтра",TEXT(E81,"dd.mm")))))) | H81: 79384732984 | J81: =IFERROR(MATCH(C81,'Справка'!$A$12:$A$21,0),99) | K81: =HYPERLINK("https://wa.me/"&H81&"?text="&ENCODEURL(T81),"✉ Написать") | L81: =HYPERLINK("https://wa.me/"&H81,"Открыть чат") | M81: Геленджик | N81: 5 | O81: 1 | Q81: без сайта | R81: 1 | S81: Краснодарский край | T81: Здравствуйте! Смотрел в 2ГИС, кто делает кровлю в Геленджике, и нашёл «Загородный дом». Сайта в карточке нет. Готов за вечер собрать сайт для «Загородный дом» и показать вам. Денег вперёд не беру. Собрать? | U81: =B81&IF(D81<>""," · "&D81,"")&IF(F81<>"",CHAR(10)&F81,"") | V81: =IF(OR(F81="просрочено",F81="сегодня",F81="укажи дату",LEFT(F81,6)="молчит"),1,0)
A82: 81 | B82: Твоя крепость | C82: Очередь | F82: =IF(OR(C82="",C82="Очередь",C82="Клиент",C82="Отказ",C82="Не писать"),"",IF(E82="",IF(AND(C82="Отправлено",I82<>"",TODAY()-INT(I82)>=3),"молчит "&(TODAY()-INT(I82))&" дн.",IF(OR(C82="Перезвонить",C82="Созвон"),"укажи дату","")),IF(INT(E82)<TODAY(),"просрочено",IF(INT(E82)=TODAY(),"сегодня",IF(INT(E82)=TODAY()+1,"завтра",TEXT(E82,"dd.mm")))))) | H82: 79530721757 | J82: =IFERROR(MATCH(C82,'Справка'!$A$12:$A$21,0),99) | K82: =HYPERLINK("https://wa.me/"&H82&"?text="&ENCODEURL(T82),"✉ Написать") | L82: =HYPERLINK("https://wa.me/"&H82,"Открыть чат") | M82: Новороссийск | N82: 1 | O82: 1 | Q82: без сайта | R82: 1 | S82: Краснодарский край | T82: Здравствуйте! Нашёл вас в 2ГИС среди кровельных компаний в Новороссийске, а сайта в карточке не нашёл. Могу собрать сайт под «Твоя крепость» за вечер и показать. Не понравится — ничего не должны. Сделать? | U82: =B82&IF(D82<>""," · "&D82,"")&IF(F82<>"",CHAR(10)&F82,"") | V82: =IF(OR(F82="просрочено",F82="сегодня",F82="укажи дату",LEFT(F82,6)="молчит"),1,0)
A83: 82 | B83: Фирма по кровельным работам | C83: Очередь | F83: =IF(OR(C83="",C83="Очередь",C83="Клиент",C83="Отказ",C83="Не писать"),"",IF(E83="",IF(AND(C83="Отправлено",I83<>"",TODAY()-INT(I83)>=3),"молчит "&(TODAY()-INT(I83))&" дн.",IF(OR(C83="Перезвонить",C83="Созвон"),"укажи дату","")),IF(INT(E83)<TODAY(),"просрочено",IF(INT(E83)=TODAY(),"сегодня",IF(INT(E83)=TODAY()+1,"завтра",TEXT(E83,"dd.mm")))))) | H83: 79183636363 | J83: =IFERROR(MATCH(C83,'Справка'!$A$12:$A$21,0),99) | K83: =HYPERLINK("https://wa.me/"&H83&"?text="&ENCODEURL(T83),"✉ Написать") | L83: =HYPERLINK("https://wa.me/"&H83,"Открыть чат") | M83: Адыгейск | Q83: без сайта | R83: 1 | S83: Краснодарский край | T83: Здравствуйте! Искал в 2ГИС кровельные компании в Адыгейске и наткнулся на вас. Сайта в карточке не увидел. Могу за вечер собрать для «Фирма по кровельным работам» сайт и показать. Платить не нужно, пока не понравится. Собрать? | U83: =B83&IF(D83<>""," · "&D83,"")&IF(F83<>"",CHAR(10)&F83,"") | V83: =IF(OR(F83="просрочено",F83="сегодня",F83="укажи дату",LEFT(F83,6)="молчит"),1,0)
A84: 83 | B84: Сеана-строй | C84: Очередь | F84: =IF(OR(C84="",C84="Очередь",C84="Клиент",C84="Отказ",C84="Не писать"),"",IF(E84="",IF(AND(C84="Отправлено",I84<>"",TODAY()-INT(I84)>=3),"молчит "&(TODAY()-INT(I84))&" дн.",IF(OR(C84="Перезвонить",C84="Созвон"),"укажи дату","")),IF(INT(E84)<TODAY(),"просрочено",IF(INT(E84)=TODAY(),"сегодня",IF(INT(E84)=TODAY()+1,"завтра",TEXT(E84,"dd.mm")))))) | H84: 79183733381 | J84: =IFERROR(MATCH(C84,'Справка'!$A$12:$A$21,0),99) | K84: =HYPERLINK("https://wa.me/"&H84&"?text="&ENCODEURL(T84),"✉ Написать") | L84: =HYPERLINK("https://wa.me/"&H84,"Открыть чат") | M84: пгт Ильский | Q84: без сайта | R84: 1 | S84: Краснодарский край | T84: Здравствуйте! Смотрел в 2ГИС, кто делает кровлю в Ильском, и нашёл «Сеана-строй». Сайта в карточке нет. Готов за вечер собрать сайт для «Сеана-строй» и показать вам. Денег вперёд не беру. Собрать? | U84: =B84&IF(D84<>""," · "&D84,"")&IF(F84<>"",CHAR(10)&F84,"") | V84: =IF(OR(F84="просрочено",F84="сегодня",F84="укажи дату",LEFT(F84,6)="молчит"),1,0)
A85: 84 | B85: Строй-Провинция | C85: Очередь | F85: =IF(OR(C85="",C85="Очередь",C85="Клиент",C85="Отказ",C85="Не писать"),"",IF(E85="",IF(AND(C85="Отправлено",I85<>"",TODAY()-INT(I85)>=3),"молчит "&(TODAY()-INT(I85))&" дн.",IF(OR(C85="Перезвонить",C85="Созвон"),"укажи дату","")),IF(INT(E85)<TODAY(),"просрочено",IF(INT(E85)=TODAY(),"сегодня",IF(INT(E85)=TODAY()+1,"завтра",TEXT(E85,"dd.mm")))))) | H85: 79184378197 | J85: =IFERROR(MATCH(C85,'Справка'!$A$12:$A$21,0),99) | K85: =HYPERLINK("https://wa.me/"&H85&"?text="&ENCODEURL(T85),"✉ Написать") | L85: =HYPERLINK("https://wa.me/"&H85,"Открыть чат") | M85: Усть-Лабинск | Q85: без сайта | R85: 1 | S85: Краснодарский край | T85: Здравствуйте! Нашёл вас в 2ГИС среди кровельных компаний в Усть-Лабинске, а сайта в карточке не нашёл. Могу собрать сайт под «Строй-Провинция» за вечер и показать. Не понравится — ничего не должны. Сделать? | U85: =B85&IF(D85<>""," · "&D85,"")&IF(F85<>"",CHAR(10)&F85,"") | V85: =IF(OR(F85="просрочено",F85="сегодня",F85="укажи дату",LEFT(F85,6)="молчит"),1,0)
A86: 85 | B86: Юг комфорт строй | C86: Очередь | F86: =IF(OR(C86="",C86="Очередь",C86="Клиент",C86="Отказ",C86="Не писать"),"",IF(E86="",IF(AND(C86="Отправлено",I86<>"",TODAY()-INT(I86)>=3),"молчит "&(TODAY()-INT(I86))&" дн.",IF(OR(C86="Перезвонить",C86="Созвон"),"укажи дату","")),IF(INT(E86)<TODAY(),"просрочено",IF(INT(E86)=TODAY(),"сегодня",IF(INT(E86)=TODAY()+1,"завтра",TEXT(E86,"dd.mm")))))) | H86: 79184684614 | J86: =IFERROR(MATCH(C86,'Справка'!$A$12:$A$21,0),99) | K86: =HYPERLINK("https://wa.me/"&H86&"?text="&ENCODEURL(T86),"✉ Написать") | L86: =HYPERLINK("https://wa.me/"&H86,"Открыть чат") | M86: Новороссийск | Q86: без сайта | R86: 1 | S86: Краснодарский край | T86: Здравствуйте! Искал в 2ГИС кровельные компании в Новороссийске и наткнулся на вас. Сайта в карточке не увидел. Могу за вечер собрать для «Юг комфорт строй» сайт и показать. Платить не нужно, пока не понравится. Собрать? | U86: =B86&IF(D86<>""," · "&D86,"")&IF(F86<>"",CHAR(10)&F86,"") | V86: =IF(OR(F86="просрочено",F86="сегодня",F86="укажи дату",LEFT(F86,6)="молчит"),1,0)
A87: 86 | B87: ГелСтройРемонт | C87: Очередь | F87: =IF(OR(C87="",C87="Очередь",C87="Клиент",C87="Отказ",C87="Не писать"),"",IF(E87="",IF(AND(C87="Отправлено",I87<>"",TODAY()-INT(I87)>=3),"молчит "&(TODAY()-INT(I87))&" дн.",IF(OR(C87="Перезвонить",C87="Созвон"),"укажи дату","")),IF(INT(E87)<TODAY(),"просрочено",IF(INT(E87)=TODAY(),"сегодня",IF(INT(E87)=TODAY()+1,"завтра",TEXT(E87,"dd.mm")))))) | H87: 79286633050 | J87: =IFERROR(MATCH(C87,'Справка'!$A$12:$A$21,0),99) | K87: =HYPERLINK("https://wa.me/"&H87&"?text="&ENCODEURL(T87),"✉ Написать") | L87: =HYPERLINK("https://wa.me/"&H87,"Открыть чат") | M87: Геленджик | Q87: без сайта | R87: 1 | S87: Краснодарский край | T87: Здравствуйте! Смотрел в 2ГИС, кто делает кровлю в Геленджике, и нашёл «ГелСтройРемонт». Сайта в карточке нет. Готов за вечер собрать сайт для «ГелСтройРемонт» и показать вам. Денег вперёд не беру. Собрать? | U87: =B87&IF(D87<>""," · "&D87,"")&IF(F87<>"",CHAR(10)&F87,"") | V87: =IF(OR(F87="просрочено",F87="сегодня",F87="укажи дату",LEFT(F87,6)="молчит"),1,0)
A88: 87 | B88: Юг Строй Кровля | C88: Очередь | F88: =IF(OR(C88="",C88="Очередь",C88="Клиент",C88="Отказ",C88="Не писать"),"",IF(E88="",IF(AND(C88="Отправлено",I88<>"",TODAY()-INT(I88)>=3),"молчит "&(TODAY()-INT(I88))&" дн.",IF(OR(C88="Перезвонить",C88="Созвон"),"укажи дату","")),IF(INT(E88)<TODAY(),"просрочено",IF(INT(E88)=TODAY(),"сегодня",IF(INT(E88)=TODAY()+1,"завтра",TEXT(E88,"dd.mm")))))) | H88: 79384832393 | J88: =IFERROR(MATCH(C88,'Справка'!$A$12:$A$21,0),99) | K88: =HYPERLINK("https://wa.me/"&H88&"?text="&ENCODEURL(T88),"✉ Написать") | L88: =HYPERLINK("https://wa.me/"&H88,"Открыть чат") | M88: Геленджик | Q88: без сайта | R88: 1 | S88: Краснодарский край | T88: Здравствуйте! Нашёл вас в 2ГИС среди кровельных компаний в Геленджике, а сайта в карточке не нашёл. Могу собрать сайт под «Юг Строй Кровля» за вечер и показать. Не понравится — ничего не должны. Сделать? | U88: =B88&IF(D88<>""," · "&D88,"")&IF(F88<>"",CHAR(10)&F88,"") | V88: =IF(OR(F88="просрочено",F88="сегодня",F88="укажи дату",LEFT(F88,6)="молчит"),1,0)
A89: 88 | B89: Стройка и точкА | C89: Очередь | F89: =IF(OR(C89="",C89="Очередь",C89="Клиент",C89="Отказ",C89="Не писать"),"",IF(E89="",IF(AND(C89="Отправлено",I89<>"",TODAY()-INT(I89)>=3),"молчит "&(TODAY()-INT(I89))&" дн.",IF(OR(C89="Перезвонить",C89="Созвон"),"укажи дату","")),IF(INT(E89)<TODAY(),"просрочено",IF(INT(E89)=TODAY(),"сегодня",IF(INT(E89)=TODAY()+1,"завтра",TEXT(E89,"dd.mm")))))) | H89: 79385267194 | J89: =IFERROR(MATCH(C89,'Справка'!$A$12:$A$21,0),99) | K89: =HYPERLINK("https://wa.me/"&H89&"?text="&ENCODEURL(T89),"✉ Написать") | L89: =HYPERLINK("https://wa.me/"&H89,"Открыть чат") | M89: Геленджик | Q89: без сайта | R89: 1 | S89: Краснодарский край | T89: Здравствуйте! Искал в 2ГИС кровельные компании в Геленджике и наткнулся на вас. Сайта в карточке не увидел. Могу за вечер собрать для «Стройка и точкА» сайт и показать. Платить не нужно, пока не понравится. Собрать? | U89: =B89&IF(D89<>""," · "&D89,"")&IF(F89<>"",CHAR(10)&F89,"") | V89: =IF(OR(F89="просрочено",F89="сегодня",F89="укажи дату",LEFT(F89,6)="молчит"),1,0)
A90: 89 | B90: Кровельный центр-2000 | C90: Очередь | F90: =IF(OR(C90="",C90="Очередь",C90="Клиент",C90="Отказ",C90="Не писать"),"",IF(E90="",IF(AND(C90="Отправлено",I90<>"",TODAY()-INT(I90)>=3),"молчит "&(TODAY()-INT(I90))&" дн.",IF(OR(C90="Перезвонить",C90="Созвон"),"укажи дату","")),IF(INT(E90)<TODAY(),"просрочено",IF(INT(E90)=TODAY(),"сегодня",IF(INT(E90)=TODAY()+1,"завтра",TEXT(E90,"dd.mm")))))) | H90: 79282750452 | J90: =IFERROR(MATCH(C90,'Справка'!$A$12:$A$21,0),99) | K90: =HYPERLINK("https://wa.me/"&H90&"?text="&ENCODEURL(T90),"✉ Написать") | L90: =HYPERLINK("https://wa.me/"&H90,"Открыть чат") | M90: Новороссийск | Q90: без сайта | R90: 1 | S90: Краснодарский край | T90: Здравствуйте! Смотрел в 2ГИС, кто делает кровлю в Новороссийске, и нашёл «Кровельный центр-2000». Сайта в карточке нет. Готов за вечер собрать сайт для «Кровельный центр-2000» и показать вам. Денег вперёд не беру. Собрать? | U90: =B90&IF(D90<>""," · "&D90,"")&IF(F90<>"",CHAR(10)&F90,"") | V90: =IF(OR(F90="просрочено",F90="сегодня",F90="укажи дату",LEFT(F90,6)="молчит"),1,0)
A91: 90 | B91: ПромАльпФасад | C91: Очередь | F91: =IF(OR(C91="",C91="Очередь",C91="Клиент",C91="Отказ",C91="Не писать"),"",IF(E91="",IF(AND(C91="Отправлено",I91<>"",TODAY()-INT(I91)>=3),"молчит "&(TODAY()-INT(I91))&" дн.",IF(OR(C91="Перезвонить",C91="Созвон"),"укажи дату","")),IF(INT(E91)<TODAY(),"просрочено",IF(INT(E91)=TODAY(),"сегодня",IF(INT(E91)=TODAY()+1,"завтра",TEXT(E91,"dd.mm")))))) | H91: 79186245322 | J91: =IFERROR(MATCH(C91,'Справка'!$A$12:$A$21,0),99) | K91: =HYPERLINK("https://wa.me/"&H91&"?text="&ENCODEURL(T91),"✉ Написать") | L91: =HYPERLINK("https://wa.me/"&H91,"Открыть чат") | M91: Новороссийск | Q91: без сайта | R91: 1 | S91: Краснодарский край | T91: Здравствуйте! Нашёл вас в 2ГИС среди кровельных компаний в Новороссийске, а сайта в карточке не нашёл. Могу собрать сайт под «ПромАльпФасад» за вечер и показать. Не понравится — ничего не должны. Сделать? | U91: =B91&IF(D91<>""," · "&D91,"")&IF(F91<>"",CHAR(10)&F91,"") | V91: =IF(OR(F91="просрочено",F91="сегодня",F91="укажи дату",LEFT(F91,6)="молчит"),1,0)
A92: 91 | B92: Строительно-монтажная компания | C92: Очередь | F92: =IF(OR(C92="",C92="Очередь",C92="Клиент",C92="Отказ",C92="Не писать"),"",IF(E92="",IF(AND(C92="Отправлено",I92<>"",TODAY()-INT(I92)>=3),"молчит "&(TODAY()-INT(I92))&" дн.",IF(OR(C92="Перезвонить",C92="Созвон"),"укажи дату","")),IF(INT(E92)<TODAY(),"просрочено",IF(INT(E92)=TODAY(),"сегодня",IF(INT(E92)=TODAY()+1,"завтра",TEXT(E92,"dd.mm")))))) | H92: 79183680829 | J92: =IFERROR(MATCH(C92,'Справка'!$A$12:$A$21,0),99) | K92: =HYPERLINK("https://wa.me/"&H92&"?text="&ENCODEURL(T92),"✉ Написать") | L92: =HYPERLINK("https://wa.me/"&H92,"Открыть чат") | M92: Новороссийск | Q92: без сайта | R92: 1 | S92: Краснодарский край | T92: Здравствуйте! Искал в 2ГИС кровельные компании в Новороссийске и наткнулся на вас. Сайта в карточке не увидел. Могу за вечер собрать для «Строительно-монтажная компания» сайт и показать. Платить не нужно, пока не понравится. Собрать? | U92: =B92&IF(D92<>""," · "&D92,"")&IF(F92<>"",CHAR(10)&F92,"") | V92: =IF(OR(F92="просрочено",F92="сегодня",F92="укажи дату",LEFT(F92,6)="молчит"),1,0)
A93: 92 | B93: Компания по ремонту и устройству мягкой кровли | C93: Очередь | F93: =IF(OR(C93="",C93="Очередь",C93="Клиент",C93="Отказ",C93="Не писать"),"",IF(E93="",IF(AND(C93="Отправлено",I93<>"",TODAY()-INT(I93)>=3),"молчит "&(TODAY()-INT(I93))&" дн.",IF(OR(C93="Перезвонить",C93="Созвон"),"укажи дату","")),IF(INT(E93)<TODAY(),"просрочено",IF(INT(E93)=TODAY(),"сегодня",IF(INT(E93)=TODAY()+1,"завтра",TEXT(E93,"dd.mm")))))) | H93: 79184529620 | J93: =IFERROR(MATCH(C93,'Справка'!$A$12:$A$21,0),99) | K93: =HYPERLINK("https://wa.me/"&H93&"?text="&ENCODEURL(T93),"✉ Написать") | L93: =HYPERLINK("https://wa.me/"&H93,"Открыть чат") | M93: Новороссийск | Q93: без сайта | R93: 1 | S93: Краснодарский край | T93: Здравствуйте! Смотрел в 2ГИС, кто делает кровлю в Новороссийске, и нашёл «Компания по ремонту и устройству мягкой кровли». Сайта в карточке нет. Готов за вечер собрать сайт для «Компания по ремонту и устройству мягкой кровли» и показать вам. Денег вперёд не беру. Собрать? | U93: =B93&IF(D93<>""," · "&D93,"")&IF(F93<>"",CHAR(10)&F93,"") | V93: =IF(OR(F93="просрочено",F93="сегодня",F93="укажи дату",LEFT(F93,6)="молчит"),1,0)
A94: 93 | B94: Монтажная компания | C94: Очередь | F94: =IF(OR(C94="",C94="Очередь",C94="Клиент",C94="Отказ",C94="Не писать"),"",IF(E94="",IF(AND(C94="Отправлено",I94<>"",TODAY()-INT(I94)>=3),"молчит "&(TODAY()-INT(I94))&" дн.",IF(OR(C94="Перезвонить",C94="Созвон"),"укажи дату","")),IF(INT(E94)<TODAY(),"просрочено",IF(INT(E94)=TODAY(),"сегодня",IF(INT(E94)=TODAY()+1,"завтра",TEXT(E94,"dd.mm")))))) | H94: 79996383607 | J94: =IFERROR(MATCH(C94,'Справка'!$A$12:$A$21,0),99) | K94: =HYPERLINK("https://wa.me/"&H94&"?text="&ENCODEURL(T94),"✉ Написать") | L94: =HYPERLINK("https://wa.me/"&H94,"Открыть чат") | M94: Новороссийск | Q94: без сайта | R94: 1 | S94: Краснодарский край | T94: Здравствуйте! Нашёл вас в 2ГИС среди кровельных компаний в Новороссийске, а сайта в карточке не нашёл. Могу собрать сайт под «Монтажная компания» за вечер и показать. Не понравится — ничего не должны. Сделать? | U94: =B94&IF(D94<>""," · "&D94,"")&IF(F94<>"",CHAR(10)&F94,"") | V94: =IF(OR(F94="просрочено",F94="сегодня",F94="укажи дату",LEFT(F94,6)="молчит"),1,0)
... A97: 96 | B97: Дом фасадов | C97: Очередь | F97: =IF(OR(C97="",C97="Очередь",C97="Клиент",C97="Отказ",C97="Не писать"),"",IF(E97="",IF(AND(C97="Отправлено",I97<>"",TODAY()-INT(I97)>=3),"молчит "&(TODAY()-INT(I97))&" дн.",IF(OR(C97="Перезвонить",C97="Созвон"),"укажи дату","")),IF(INT(E97)<TODAY(),"просрочено",IF(INT(E97)=TODAY(),"сегодня",IF(INT(E97)=TODAY()+1,"завтра",TEXT(E97,"dd.mm")))))) | H97: 79184745828 | J97: =IFERROR(MATCH(C97,'Справка'!$A$12:$A$21,0),99) | K97: =HYPERLINK("https://wa.me/"&H97&"?text="&ENCODEURL(T97),"✉ Написать") | L97: =HYPERLINK("https://wa.me/"&H97,"Открыть чат") | M97: Анапа | Q97: без сайта | R97: 1 | S97: Краснодарский край | T97: Здравствуйте! Нашёл вас в 2ГИС среди кровельных компаний в Анапе, а сайта в карточке не нашёл. Могу собрать сайт под «Дом фасадов» за вечер и показать. Не понравится — ничего не должны. Сделать? | U97: =B97&IF(D97<>""," · "&D97,"")&IF(F97<>"",CHAR(10)&F97,"") | V97: =IF(OR(F97="просрочено",F97="сегодня",F97="укажи дату",LEFT(F97,6)="молчит"),1,0)
A98: 97 | B98: Пенетрон | C98: Очередь | F98: =IF(OR(C98="",C98="Очередь",C98="Клиент",C98="Отказ",C98="Не писать"),"",IF(E98="",IF(AND(C98="Отправлено",I98<>"",TODAY()-INT(I98)>=3),"молчит "&(TODAY()-INT(I98))&" дн.",IF(OR(C98="Перезвонить",C98="Созвон"),"укажи дату","")),IF(INT(E98)<TODAY(),"просрочено",IF(INT(E98)=TODAY(),"сегодня",IF(INT(E98)=TODAY()+1,"завтра",TEXT(E98,"dd.mm")))))) | H98: 79288426343 | J98: =IFERROR(MATCH(C98,'Справка'!$A$12:$A$21,0),99) | K98: =HYPERLINK("https://wa.me/"&H98&"?text="&ENCODEURL(T98),"✉ Написать") | L98: =HYPERLINK("https://wa.me/"&H98,"Открыть чат") | M98: Геленджик | N98: 5 | O98: 2 | Q98: без сайта, WhatsApp не подтверждён | R98: 1 | S98: Краснодарский край | T98: Здравствуйте! Искал в 2ГИС кровельные компании в Геленджике и наткнулся на вас. Сайта в карточке не увидел. Могу за вечер собрать для «Пенетрон» сайт и показать. Платить не нужно, пока не понравится. Собрать? | U98: =B98&IF(D98<>""," · "&D98,"")&IF(F98<>"",CHAR(10)&F98,"") | V98: =IF(OR(F98="просрочено",F98="сегодня",F98="укажи дату",LEFT(F98,6)="молчит"),1,0)
A99: 98 | B99: Промышленный альпинист Перевертин Сергей Сергеевич | C99: Очередь | F99: =IF(OR(C99="",C99="Очередь",C99="Клиент",C99="Отказ",C99="Не писать"),"",IF(E99="",IF(AND(C99="Отправлено",I99<>"",TODAY()-INT(I99)>=3),"молчит "&(TODAY()-INT(I99))&" дн.",IF(OR(C99="Перезвонить",C99="Созвон"),"укажи дату","")),IF(INT(E99)<TODAY(),"просрочено",IF(INT(E99)=TODAY(),"сегодня",IF(INT(E99)=TODAY()+1,"завтра",TEXT(E99,"dd.mm")))))) | H99: 79094444947 | J99: =IFERROR(MATCH(C99,'Справка'!$A$12:$A$21,0),99) | K99: =HYPERLINK("https://wa.me/"&H99&"?text="&ENCODEURL(T99),"✉ Написать") | L99: =HYPERLINK("https://wa.me/"&H99,"Открыть чат") | M99: с. Супсех | N99: 5 | O99: 2 | Q99: без сайта, WhatsApp не подтверждён | R99: 1 | S99: Краснодарский край | T99: Здравствуйте! Смотрел в 2ГИС, кто делает кровлю в Супсехе, и нашёл «Промышленный альпинист Перевертин Сергей Сергеевич». Сайта в карточке нет. Готов за вечер собрать сайт для «Промышленный альпинист Перевертин Сергей Сергеевич» и показать вам. Денег вперёд не беру. Собрать? | U99: =B99&IF(D99<>""," · "&D99,"")&IF(F99<>"",CHAR(10)&F99,"") | V99: =IF(OR(F99="просрочено",F99="сегодня",F99="укажи дату",LEFT(F99,6)="молчит"),1,0)
A100: 99 | B100: Р-титан | C100: Очередь | F100: =IF(OR(C100="",C100="Очередь",C100="Клиент",C100="Отказ",C100="Не писать"),"",IF(E100="",IF(AND(C100="Отправлено",I100<>"",TODAY()-INT(I100)>=3),"молчит "&(TODAY()-INT(I100))&" дн.",IF(OR(C100="Перезвонить",C100="Созвон"),"укажи дату","")),IF(INT(E100)<TODAY(),"просрочено",IF(INT(E100)=TODAY(),"сегодня",IF(INT(E100)=TODAY()+1,"завтра",TEXT(E100,"dd.mm")))))) | H100: 79888885233 | J100: =IFERROR(MATCH(C100,'Справка'!$A$12:$A$21,0),99) | K100: =HYPERLINK("https://wa.me/"&H100&"?text="&ENCODEURL(T100),"✉ Написать") | L100: =HYPERLINK("https://wa.me/"&H100,"Открыть чат") | M100: с. Первореченское | Q100: без сайта, WhatsApp не подтверждён | R100: 1 | S100: Краснодарский край | T100: Здравствуйте! Нашёл вас в 2ГИС среди кровельных компаний в Первореченском, а сайта в карточке не нашёл. Могу собрать сайт под «Р-титан» за вечер и показать. Не понравится — ничего не должны. Сделать? | U100: =B100&IF(D100<>""," · "&D100,"")&IF(F100<>"",CHAR(10)&F100,"") | V100: =IF(OR(F100="просрочено",F100="сегодня",F100="укажи дату",LEFT(F100,6)="молчит"),1,0)
A101: 100 | B101: Строительная компания | C101: Очередь | F101: =IF(OR(C101="",C101="Очередь",C101="Клиент",C101="Отказ",C101="Не писать"),"",IF(E101="",IF(AND(C101="Отправлено",I101<>"",TODAY()-INT(I101)>=3),"молчит "&(TODAY()-INT(I101))&" дн.",IF(OR(C101="Перезвонить",C101="Созвон"),"укажи дату","")),IF(INT(E101)<TODAY(),"просрочено",IF(INT(E101)=TODAY(),"сегодня",IF(INT(E101)=TODAY()+1,"завтра",TEXT(E101,"dd.mm")))))) | H101: 79286646700 | J101: =IFERROR(MATCH(C101,'Справка'!$A$12:$A$21,0),99) | K101: =HYPERLINK("https://wa.me/"&H101&"?text="&ENCODEURL(T101),"✉ Написать") | L101: =HYPERLINK("https://wa.me/"&H101,"Открыть чат") | M101: Крымск | Q101: без сайта, WhatsApp не подтверждён | R101: 1 | S101: Краснодарский край | T101: Здравствуйте! Искал в 2ГИС кровельные компании в Крымске и наткнулся на вас. Сайта в карточке не увидел. Могу за вечер собрать для «Строительная компания» сайт и показать. Платить не нужно, пока не понравится. Собрать? | U101: =B101&IF(D101<>""," · "&D101,"")&IF(F101<>"",CHAR(10)&F101,"") | V101: =IF(OR(F101="просрочено",F101="сегодня",F101="укажи дату",LEFT(F101,6)="молчит"),1,0)
A102: 101 | B102: Центр кровельных работ | C102: Очередь | F102: =IF(OR(C102="",C102="Очередь",C102="Клиент",C102="Отказ",C102="Не писать"),"",IF(E102="",IF(AND(C102="Отправлено",I102<>"",TODAY()-INT(I102)>=3),"молчит "&(TODAY()-INT(I102))&" дн.",IF(OR(C102="Перезвонить",C102="Созвон"),"укажи дату","")),IF(INT(E102)<TODAY(),"просрочено",IF(INT(E102)=TODAY(),"сегодня",IF(INT(E102)=TODAY()+1,"завтра",TEXT(E102,"dd.mm")))))) | H102: 79181822299 | J102: =IFERROR(MATCH(C102,'Справка'!$A$12:$A$21,0),99) | K102: =HYPERLINK("https://wa.me/"&H102&"?text="&ENCODEURL(T102),"✉ Написать") | L102: =HYPERLINK("https://wa.me/"&H102,"Открыть чат") | M102: Новороссийск | Q102: без сайта, WhatsApp не подтверждён | R102: 1 | S102: Краснодарский край | T102: Здравствуйте! Смотрел в 2ГИС, кто делает кровлю в Новороссийске, и нашёл «Центр кровельных работ». Сайта в карточке нет. Готов за вечер собрать сайт для «Центр кровельных работ» и показать вам. Денег вперёд не беру. Собрать? | U102: =B102&IF(D102<>""," · "&D102,"")&IF(F102<>"",CHAR(10)&F102,"") | V102: =IF(OR(F102="просрочено",F102="сегодня",F102="укажи дату",LEFT(F102,6)="молчит"),1,0)
...

Sheet Ильяс
A1: Ильяс
A2: Твои дела и твои лиды. Лист собирается сам: править нужно на листе «Лиды».
A4: в работе | B4: ждём ответа | D4: дел на сегодня | E4: просрочено | G4: молчат 3+ дня | H4: клиентов
A5: =COUNTIFS('Лиды'!$C$2:$C$2000,"Ответил",'Лиды'!$D$2:$D$2000,$A$1)+COUNTIFS('Лиды'!$C$2:$C$2000,"Доработать",'Лиды'!$D$2:$D$2000,$A$1)+COUNTIFS('Лиды'!$C$2:$C$2000,"Перезвонить",'Лиды'!$D$2:$D$2000,$A$1)+COUNTIFS('Лиды'!$C$2:$C$2000,"Созвон",'Лиды'!$D$2:$D$2000,$A$1) | B5: =COUNTIFS('Лиды'!$C$2:$C$2000,"Отправлено",'Лиды'!$D$2:$D$2000,$A$1) | D5: =COUNTIFS('Лиды'!$F$2:$F$2000,"сегодня",'Лиды'!$D$2:$D$2000,$A$1)+COUNTIFS('Лиды'!$F$2:$F$2000,"укажи дату",'Лиды'!$D$2:$D$2000,$A$1) | E5: =COUNTIFS('Лиды'!$F$2:$F$2000,"просрочено",'Лиды'!$D$2:$D$2000,$A$1) | G5: =COUNTIFS('Лиды'!$F$2:$F$2000,"молчит*",'Лиды'!$D$2:$D$2000,$A$1) | H5: =COUNTIFS('Лиды'!$C$2:$C$2000,"Клиент",'Лиды'!$D$2:$D$2000,$A$1)
A7: Что сделать сейчас
A8: Компания | B8: Этап | C8: Менеджер | D8: Следующий контакт | E8: Срок | F8: Заметка | G8: Телефон | H8: Написали | I8: ранг | J8: Чат
A9: =IFERROR(ARRAY_CONSTRAIN(SORT(FILTER('Лиды'!$B$2:$J$2000,('Лиды'!$D$2:$D$2000=$A$1)*('Лиды'!$V$2:$V$2000=1)),4,TRUE),25,9),"Дел нет") | J9: =IF(G9="","",HYPERLINK("https://wa.me/"&G9,"Открыть чат"))
J10: =IF(G10="","",HYPERLINK("https://wa.me/"&G10,"Открыть чат"))
J11: =IF(G11="","",HYPERLINK("https://wa.me/"&G11,"Открыть чат"))
J12: =IF(G12="","",HYPERLINK("https://wa.me/"&G12,"Открыть чат"))
J13: =IF(G13="","",HYPERLINK("https://wa.me/"&G13,"Открыть чат"))
J14: =IF(G14="","",HYPERLINK("https://wa.me/"&G14,"Открыть чат"))
J15: =IF(G15="","",HYPERLINK("https://wa.me/"&G15,"Открыть чат"))
J16: =IF(G16="","",HYPERLINK("https://wa.me/"&G16,"Открыть чат"))
J17: =IF(G17="","",HYPERLINK("https://wa.me/"&G17,"Открыть чат"))
J18: =IF(G18="","",HYPERLINK("https://wa.me/"&G18,"Открыть чат"))
J19: =IF(G19="","",HYPERLINK("https://wa.me/"&G19,"Открыть чат"))
J20: =IF(G20="","",HYPERLINK("https://wa.me/"&G20,"Открыть чат"))
J21: =IF(G21="","",HYPERLINK("https://wa.me/"&G21,"Открыть чат"))
... J33: =IF(G33="","",HYPERLINK("https://wa.me/"&G33,"Открыть чат"))
A35: Все мои лиды по этапам
A36: Компания | B36: Этап | C36: Менеджер | D36: Следующий контакт | E36: Срок | F36: Заметка | G36: Телефон | H36: Написали | I36: ранг | J36: Чат
A37: =IFERROR(SORT(FILTER('Лиды'!$B$2:$J$2000,('Лиды'!$D$2:$D$2000=$A$1)*('Лиды'!$C$2:$C$2000<>"Очередь")),9,TRUE),"Пока никого: поставь себя в колонке «Менеджер» на листе «Лиды»") | J37: =IF(G37="","",HYPERLINK("https://wa.me/"&G37,"Открыть чат"))
J38: =IF(G38="","",HYPERLINK("https://wa.me/"&G38,"Открыть чат"))
J39: =IF(G39="","",HYPERLINK("https://wa.me/"&G39,"Открыть чат"))
J40: =IF(G40="","",HYPERLINK("https://wa.me/"&G40,"Открыть чат"))
J41: =IF(G41="","",HYPERLINK("https://wa.me/"&G41,"Открыть чат"))
J42: =IF(G42="","",HYPERLINK("https://wa.me/"&G42,"Открыть чат"))
J43: =IF(G43="","",HYPERLINK("https://wa.me/"&G43,"Открыть чат"))
J44: =IF(G44="","",HYPERLINK("https://wa.me/"&G44,"Открыть чат"))
J45: =IF(G45="","",HYPERLINK("https://wa.me/"&G45,"Открыть чат"))
J46: =IF(G46="","",HYPERLINK("https://wa.me/"&G46,"Открыть чат"))
J47: =IF(G47="","",HYPERLINK("https://wa.me/"&G47,"Открыть чат"))
J48: =IF(G48="","",HYPERLINK("https://wa.me/"&G48,"Открыть чат"))
J49: =IF(G49="","",HYPERLINK("https://wa.me/"&G49,"Открыть чат"))
... J336: =IF(G336="","",HYPERLINK("https://wa.me/"&G336,"Открыть чат"))

Sheet Зураб
A1: Зураб
A2: Твои дела и твои лиды. Лист собирается сам: править нужно на листе «Лиды».
A4: в работе | B4: ждём ответа | D4: дел на сегодня | E4: просрочено | G4: молчат 3+ дня | H4: клиентов
A5: =COUNTIFS('Лиды'!$C$2:$C$2000,"Ответил",'Лиды'!$D$2:$D$2000,$A$1)+COUNTIFS('Лиды'!$C$2:$C$2000,"Доработать",'Лиды'!$D$2:$D$2000,$A$1)+COUNTIFS('Лиды'!$C$2:$C$2000,"Перезвонить",'Лиды'!$D$2:$D$2000,$A$1)+COUNTIFS('Лиды'!$C$2:$C$2000,"Созвон",'Лиды'!$D$2:$D$2000,$A$1) | B5: =COUNTIFS('Лиды'!$C$2:$C$2000,"Отправлено",'Лиды'!$D$2:$D$2000,$A$1) | D5: =COUNTIFS('Лиды'!$F$2:$F$2000,"сегодня",'Лиды'!$D$2:$D$2000,$A$1)+COUNTIFS('Лиды'!$F$2:$F$2000,"укажи дату",'Лиды'!$D$2:$D$2000,$A$1) | E5: =COUNTIFS('Лиды'!$F$2:$F$2000,"просрочено",'Лиды'!$D$2:$D$2000,$A$1) | G5: =COUNTIFS('Лиды'!$F$2:$F$2000,"молчит*",'Лиды'!$D$2:$D$2000,$A$1) | H5: =COUNTIFS('Лиды'!$C$2:$C$2000,"Клиент",'Лиды'!$D$2:$D$2000,$A$1)
A7: Что сделать сейчас
A8: Компания | B8: Этап | C8: Менеджер | D8: Следующий контакт | E8: Срок | F8: Заметка | G8: Телефон | H8: Написали | I8: ранг | J8: Чат
A9: =IFERROR(ARRAY_CONSTRAIN(SORT(FILTER('Лиды'!$B$2:$J$2000,('Лиды'!$D$2:$D$2000=$A$1)*('Лиды'!$V$2:$V$2000=1)),4,TRUE),25,9),"Дел нет") | J9: =IF(G9="","",HYPERLINK("https://wa.me/"&G9,"Открыть чат"))
J10: =IF(G10="","",HYPERLINK("https://wa.me/"&G10,"Открыть чат"))
J11: =IF(G11="","",HYPERLINK("https://wa.me/"&G11,"Открыть чат"))
J12: =IF(G12="","",HYPERLINK("https://wa.me/"&G12,"Открыть чат"))
J13: =IF(G13="","",HYPERLINK("https://wa.me/"&G13,"Открыть чат"))
J14: =IF(G14="","",HYPERLINK("https://wa.me/"&G14,"Открыть чат"))
J15: =IF(G15="","",HYPERLINK("https://wa.me/"&G15,"Открыть чат"))
J16: =IF(G16="","",HYPERLINK("https://wa.me/"&G16,"Открыть чат"))
J17: =IF(G17="","",HYPERLINK("https://wa.me/"&G17,"Открыть чат"))
J18: =IF(G18="","",HYPERLINK("https://wa.me/"&G18,"Открыть чат"))
J19: =IF(G19="","",HYPERLINK("https://wa.me/"&G19,"Открыть чат"))
J20: =IF(G20="","",HYPERLINK("https://wa.me/"&G20,"Открыть чат"))
J21: =IF(G21="","",HYPERLINK("https://wa.me/"&G21,"Открыть чат"))
... J33: =IF(G33="","",HYPERLINK("https://wa.me/"&G33,"Открыть чат"))
A35: Все мои лиды по этапам
A36: Компания | B36: Этап | C36: Менеджер | D36: Следующий контакт | E36: Срок | F36: Заметка | G36: Телефон | H36: Написали | I36: ранг | J36: Чат
A37: =IFERROR(SORT(FILTER('Лиды'!$B$2:$J$2000,('Лиды'!$D$2:$D$2000=$A$1)*('Лиды'!$C$2:$C$2000<>"Очередь")),9,TRUE),"Пока никого: поставь себя в колонке «Менеджер» на листе «Лиды»") | J37: =IF(G37="","",HYPERLINK("https://wa.me/"&G37,"Открыть чат"))
J38: =IF(G38="","",HYPERLINK("https://wa.me/"&G38,"Открыть чат"))
J39: =IF(G39="","",HYPERLINK("https://wa.me/"&G39,"Открыть чат"))
J40: =IF(G40="","",HYPERLINK("https://wa.me/"&G40,"Открыть чат"))
J41: =IF(G41="","",HYPERLINK("https://wa.me/"&G41,"Открыть чат"))
J42: =IF(G42="","",HYPERLINK("https://wa.me/"&G42,"Открыть чат"))
J43: =IF(G43="","",HYPERLINK("https://wa.me/"&G43,"Открыть чат"))
J44: =IF(G44="","",HYPERLINK("https://wa.me/"&G44,"Открыть чат"))
J45: =IF(G45="","",HYPERLINK("https://wa.me/"&G45,"Открыть чат"))
J46: =IF(G46="","",HYPERLINK("https://wa.me/"&G46,"Открыть чат"))
J47: =IF(G47="","",HYPERLINK("https://wa.me/"&G47,"Открыть чат"))
J48: =IF(G48="","",HYPERLINK("https://wa.me/"&G48,"Открыть чат"))
J49: =IF(G49="","",HYPERLINK("https://wa.me/"&G49,"Открыть чат"))
... J336: =IF(G336="","",HYPERLINK("https://wa.me/"&G336,"Открыть чат"))

Sheet Тимурлан
A1: Тимурлан
A2: Твои дела и твои лиды. Лист собирается сам: править нужно на листе «Лиды».
A4: в работе | B4: ждём ответа | D4: дел на сегодня | E4: просрочено | G4: молчат 3+ дня | H4: клиентов
A5: =COUNTIFS('Лиды'!$C$2:$C$2000,"Ответил",'Лиды'!$D$2:$D$2000,$A$1)+COUNTIFS('Лиды'!$C$2:$C$2000,"Доработать",'Лиды'!$D$2:$D$2000,$A$1)+COUNTIFS('Лиды'!$C$2:$C$2000,"Перезвонить",'Лиды'!$D$2:$D$2000,$A$1)+COUNTIFS('Лиды'!$C$2:$C$2000,"Созвон",'Лиды'!$D$2:$D$2000,$A$1) | B5: =COUNTIFS('Лиды'!$C$2:$C$2000,"Отправлено",'Лиды'!$D$2:$D$2000,$A$1) | D5: =COUNTIFS('Лиды'!$F$2:$F$2000,"сегодня",'Лиды'!$D$2:$D$2000,$A$1)+COUNTIFS('Лиды'!$F$2:$F$2000,"укажи дату",'Лиды'!$D$2:$D$2000,$A$1) | E5: =COUNTIFS('Лиды'!$F$2:$F$2000,"просрочено",'Лиды'!$D$2:$D$2000,$A$1) | G5: =COUNTIFS('Лиды'!$F$2:$F$2000,"молчит*",'Лиды'!$D$2:$D$2000,$A$1) | H5: =COUNTIFS('Лиды'!$C$2:$C$2000,"Клиент",'Лиды'!$D$2:$D$2000,$A$1)
A7: Что сделать сейчас
A8: Компания | B8: Этап | C8: Менеджер | D8: Следующий контакт | E8: Срок | F8: Заметка | G8: Телефон | H8: Написали | I8: ранг | J8: Чат
A9: =IFERROR(ARRAY_CONSTRAIN(SORT(FILTER('Лиды'!$B$2:$J$2000,('Лиды'!$D$2:$D$2000=$A$1)*('Лиды'!$V$2:$V$2000=1)),4,TRUE),25,9),"Дел нет") | J9: =IF(G9="","",HYPERLINK("https://wa.me/"&G9,"Открыть чат"))
J10: =IF(G10="","",HYPERLINK("https://wa.me/"&G10,"Открыть чат"))
J11: =IF(G11="","",HYPERLINK("https://wa.me/"&G11,"Открыть чат"))
J12: =IF(G12="","",HYPERLINK("https://wa.me/"&G12,"Открыть чат"))
J13: =IF(G13="","",HYPERLINK("https://wa.me/"&G13,"Открыть чат"))
J14: =IF(G14="","",HYPERLINK("https://wa.me/"&G14,"Открыть чат"))
J15: =IF(G15="","",HYPERLINK("https://wa.me/"&G15,"Открыть чат"))
J16: =IF(G16="","",HYPERLINK("https://wa.me/"&G16,"Открыть чат"))
J17: =IF(G17="","",HYPERLINK("https://wa.me/"&G17,"Открыть чат"))
J18: =IF(G18="","",HYPERLINK("https://wa.me/"&G18,"Открыть чат"))
J19: =IF(G19="","",HYPERLINK("https://wa.me/"&G19,"Открыть чат"))
J20: =IF(G20="","",HYPERLINK("https://wa.me/"&G20,"Открыть чат"))
J21: =IF(G21="","",HYPERLINK("https://wa.me/"&G21,"Открыть чат"))
... J33: =IF(G33="","",HYPERLINK("https://wa.me/"&G33,"Открыть чат"))
A35: Все мои лиды по этапам
A36: Компания | B36: Этап | C36: Менеджер | D36: Следующий контакт | E36: Срок | F36: Заметка | G36: Телефон | H36: Написали | I36: ранг | J36: Чат
A37: =IFERROR(SORT(FILTER('Лиды'!$B$2:$J$2000,('Лиды'!$D$2:$D$2000=$A$1)*('Лиды'!$C$2:$C$2000<>"Очередь")),9,TRUE),"Пока никого: поставь себя в колонке «Менеджер» на листе «Лиды»") | J37: =IF(G37="","",HYPERLINK("https://wa.me/"&G37,"Открыть чат"))
J38: =IF(G38="","",HYPERLINK("https://wa.me/"&G38,"Открыть чат"))
J39: =IF(G39="","",HYPERLINK("https://wa.me/"&G39,"Открыть чат"))
J40: =IF(G40="","",HYPERLINK("https://wa.me/"&G40,"Открыть чат"))
J41: =IF(G41="","",HYPERLINK("https://wa.me/"&G41,"Открыть чат"))
J42: =IF(G42="","",HYPERLINK("https://wa.me/"&G42,"Открыть чат"))
J43: =IF(G43="","",HYPERLINK("https://wa.me/"&G43,"Открыть чат"))
J44: =IF(G44="","",HYPERLINK("https://wa.me/"&G44,"Открыть чат"))
J45: =IF(G45="","",HYPERLINK("https://wa.me/"&G45,"Открыть чат"))
J46: =IF(G46="","",HYPERLINK("https://wa.me/"&G46,"Открыть чат"))
J47: =IF(G47="","",HYPERLINK("https://wa.me/"&G47,"Открыть чат"))
J48: =IF(G48="","",HYPERLINK("https://wa.me/"&G48,"Открыть чат"))
J49: =IF(G49="","",HYPERLINK("https://wa.me/"&G49,"Открыть чат"))
... J336: =IF(G336="","",HYPERLINK("https://wa.me/"&G336,"Открыть чат"))

Sheet Справка
A1: Как пользоваться
A3: 1. Вся работа — на листе «Лиды» | B3: Одна строка — одна компания. Меняются только жёлтые колонки: Этап, Менеджер, Следующий контакт, Заметка, Написали. Остальное считается само.
A4: 2. Написать новому | B4: В строке лида нажми «Написать»: откроется WhatsApp с готовым текстом. Отправил — поставь Этап «Отправлено», себя в «Менеджер» и дату в «Написали» (Ctrl + ; ставит сегодняшнюю).
A5: 3. Вести лида | B5: Меняй «Этап» по ходу дела. Для «Перезвонить» и «Созвон» ставь дату и время в «Следующий контакт». В «Заметку» пиши, о чём договорились.
A6: 4. Что делать сегодня | B6: Открой лист со своим именем: сверху дела на сегодня, просроченные и те, кто молчит три дня. Ниже — все твои лиды по этапам.
A7: 5. Общая картина | B7: «Сводка» — цифры по этапам и менеджерам, «Сегодня» — дела всей команды, «Канбан» — кто на каком этапе. Эти листы и листы менеджеров не редактируются: они собираются из «Лидов».
A8: Фильтр только для себя | B8: Чтобы твой фильтр на «Лидах» не мешал остальным: Данные → Создать режим фильтрации.
A9: Новый лид | B9: Допиши строку в конец «Лидов» и протяни вниз формулы из колонок «Срок», «Написать» и «Чат» (и скрытых J, U, V).
A11: Этапы
A12: Очередь | B12: Ещё не писали
A13: Отправлено | B13: Написали первое сообщение, ждём ответа
A14: Не ответил | B14: Молчит. Лид остаётся в таблице: можно напомнить позже
A15: Ответил | B15: Ответил, идёт переписка
A16: Доработать | B16: Интерес есть, надо дожать: показать сайт, снять возражение
A17: Перезвонить | B17: Просил связаться позже. Обязательно поставь дату
A18: Созвон | B18: Созвон назначен. Обязательно поставь дату и время
A19: Клиент | B19: Договорились, работаем
A20: Отказ | B20: Отказался
A21: Не писать | B21: Попросил не писать или номер не тот
A23: Менеджеры
A24: Ильяс
A25: Зураб
A26: Тимурлан
A28: Не переименовывай этапы в списке выше: на них завязаны подсчёты и цвета.
